,address,sqft,price,images,metadata
0,"707 Queen Street W, Toronto, ON M6J 1E6",2816,3527000,"images/house3/1.jpg, images/house3/2.jpg, images/house3/3.jpg, images/house3/4.jpg, images/house3/5.jpg, images/house3/6.jpg, images/house3/7.jpg, images/house3/8.jpg, images/house3/9.jpg, images/house3/10.jpg","{""bedrooms"": ""3 + 0"", ""bathrooms"": ""4"", ""property_type"": ""Townhouse"", ""building_type"": ""House"", ""storeys"": 2, ""title"": ""Freehold"", ""land_size"": ""42 x 132 FT"", ""annual_property_taxes"": ""$5165.00"", ""total_parking_spaces"": 3, ""cooling"": ""Window Unit"", ""heating_type"": ""Radiant Heat"", ""utility_sewer"": ""Municipal sewage system"", ""water"": ""Municipal water"", ""exterior_finish"": ""Stone"", ""time_on_market"": ""41 days"", ""basement_features"": ""-"", ""interior_features"": ""Central Vacuum, Dishwasher"", ""neighbourhood_amenities"": ""Shopping, Hospitals""}"
1,"325 Queen Street E, Toronto, Ontario",1481,862000,"images/house1/1.jpg, images/house1/2.jpg, images/house1/3.jpg, images/house1/4.jpg, images/house1/5.jpg, images/house1/6.jpg, images/house1/7.jpg, images/house1/8.jpg, images/house1/9.jpg, images/house1/10.jpg","{""bedrooms"": ""5 + 0"", ""bathrooms"": ""1"", ""property_type"": ""Condominium"", ""building_type"": ""House"", ""storeys"": 3, ""title"": ""Condominium"", ""land_size"": ""22 x 58 FT"", ""annual_property_taxes"": ""$4175.00"", ""total_parking_spaces"": 3, ""cooling"": ""Central air conditioning"", ""heating_type"": ""Heat Pump"", ""utility_sewer"": ""Municipal sewage system"", ""water"": ""Municipal water"", ""exterior_finish"": ""Brick, Stone"", ""time_on_market"": ""99 days"", ""basement_features"": ""Separate entrance"", ""interior_features"": ""Central Vacuum, Dishwasher"", ""neighbourhood_amenities"": ""Parks, Transit""}"
2,"430 Dundas Street W, Toronto, Ontario",1621,1412000,"images/house3/1.jpg, images/house3/2.jpg, images/house3/3.jpg, images/house3/4.jpg, images/house3/5.jpg, images/house3/6.jpg, images/house3/7.jpg, images/house3/8.jpg, images/house3/9.jpg, images/house3/10.jpg","{""bedrooms"": ""2 + 2"", ""bathrooms"": ""3"", ""property_type"": ""Single Family"", ""building_type"": ""Condominium"", ""storeys"": 3, ""title"": ""Freehold"", ""land_size"": ""42 x 148 FT"", ""annual_property_taxes"": ""$13306.00"", ""total_parking_spaces"": 1, ""cooling"": ""Window Unit"", ""heating_type"": ""Forced air (Natural gas)"", ""utility_sewer"": ""Municipal sewage system"", ""water"": ""Municipal water"", ""exterior_finish"": ""Brick, Stone"", ""time_on_market"": ""88 days"", ""basement_features"": ""None"", ""interior_features"": ""Vinyl, Concrete"", ""neighbourhood_amenities"": ""Parks, Transit""}"
3,"666 Bathurst Street, Toronto, Ontario",1295,3308000,"images/house3/1.jpg, images/house3/2.jpg, images/house3/3.jpg, images/house3/4.jpg, images/house3/5.jpg, images/house3/6.jpg, images/house3/7.jpg, images/house3/8.jpg, images/house3/9.jpg, images/house3/10.jpg","{""bedrooms"": ""3 + 0"", ""bathrooms"": ""4"", ""property_type"": ""Condominium"", ""building_type"": ""House"", ""storeys"": 2, ""title"": ""Freehold"", ""land_size"": ""35 x 64 FT"", ""annual_property_taxes"": ""$6567.00"", ""total_parking_spaces"": 4, ""cooling"": ""Central air conditioning"", ""heating_type"": ""Forced air (Natural gas)"", ""utility_sewer"": ""Municipal sewage system"", ""water"": ""Municipal water"", ""exterior_finish"": ""Brick"", ""time_on_market"": ""45 days"", ""basement_features"": ""Separate entrance"", ""interior_features"": ""Central Vacuum, Dishwasher"", ""neighbourhood_amenities"": ""Schools, Transit""}"
4,"186 Church Street, Toronto, Ontario",814,1307000,"images/house1/1.jpg, images/house1/2.jpg, images/house1/3.jpg, images/house1/4.jpg, images/house1/5.jpg, images/house1/6.jpg, images/house1/7.jpg, images/house1/8.jpg, images/house1/9.jpg, images/house1/10.jpg","{""bedrooms"": ""3 + 1"", ""bathrooms"": ""4"", ""property_type"": ""Townhouse"", ""building_type"": ""Condominium"", ""storeys"": 2, ""title"": ""Freehold"", ""land_size"": ""13 x 137 FT"", ""annual_property_taxes"": ""$13518.00"", ""total_parking_spaces"": 1, ""cooling"": ""Window Unit"", ""heating_type"": ""Radiant Heat"", ""utility_sewer"": ""Municipal sewage system"", ""water"": ""Municipal water"", ""exterior_finish"": ""Brick, Stone"", ""time_on_market"": ""46 days"", ""basement_features"": ""-"", ""interior_features"": ""Hardwood, Ceramic, Laminate"", ""neighbourhood_amenities"": ""Shopping, Hospitals""}"
5,"102 King Street W, Toronto, Ontario",1307,1200000,"images/house1/1.jpg, images/house1/2.jpg, images/house1/3.jpg, images/house1/4.jpg, images/house1/5.jpg, images/house1/6.jpg, images/house1/7.jpg, images/house1/8.jpg, images/house1/9.jpg, images/house1/10.jpg","{""bedrooms"": ""2 + 2"", ""bathrooms"": ""1"", ""property_type"": ""Single Family"", ""building_type"": ""Condominium"", ""storeys"": 3, ""title"": ""Condominium"", ""land_size"": ""15 x 51 FT"", ""annual_property_taxes"": ""$13558.00"", ""total_parking_spaces"": 0, ""cooling"": ""Central air conditioning"", ""heating_type"": ""Heat Pump"", ""utility_sewer"": ""Municipal sewage system"", ""water"": ""Municipal water"", ""exterior_finish"": ""Brick"", ""time_on_market"": ""81 days"", ""basement_features"": ""Separate entrance"", ""interior_features"": ""Central Vacuum, Dishwasher"", ""neighbourhood_amenities"": ""Parks, Transit""}"
6,"581 Dundas Street E, Toronto, Ontario",1125,472000,"images/house1/1.jpg, images/house1/2.jpg, images/house1/3.jpg, images/house1/4.jpg, images/house1/5.jpg, images/house1/6.jpg, images/house1/7.jpg, images/house1/8.jpg, images/house1/9.jpg, images/house1/10.jpg","{""bedrooms"": ""4 + 1"", ""bathrooms"": ""4"", ""property_type"": ""Condominium"", ""building_type"": ""Condominium"", ""storeys"": 2, ""title"": ""Freehold"", ""land_size"": ""22 x 89 FT"", ""annual_property_taxes"": ""$10313.00"", ""total_parking_spaces"": 3, ""cooling"": ""Window Unit"", ""heating_type"": ""Radiant Heat"", ""utility_sewer"": ""Sanitary sewer"", ""water"": ""Municipal water"", ""exterior_finish"": ""Brick"", ""time_on_market"": ""60 days"", ""basement_features"": ""-"", ""interior_features"": ""Central Vacuum, Dishwasher"", ""neighbourhood_amenities"": ""Schools, Transit""}"
7,"191 Bay Street, Toronto, Ontario",1452,2440000,"images/house3/1.jpg, images/house3/2.jpg, images/house3/3.jpg, images/house3/4.jpg, images/house3/5.jpg, images/house3/6.jpg, images/house3/7.jpg, images/house3/8.jpg, images/house3/9.jpg, images/house3/10.jpg","{""bedrooms"": ""3 + 0"", ""bathrooms"": ""1"", ""property_type"": ""Condominium"", ""building_type"": ""Townhouse"", ""storeys"": 3, ""title"": ""Condominium"", ""land_size"": ""10 x 69 FT"", ""annual_property_taxes"": ""$12229.00"", ""total_parking_spaces"": 4, ""cooling"": ""-"", ""heating_type"": ""Radiant Heat"", ""utility_sewer"": ""Sanitary sewer"", ""water"": ""Municipal water"", ""exterior_finish"": ""Brick, Stone"", ""time_on_market"": ""46 days"", ""basement_features"": ""Walk-out"", ""interior_features"": ""Hardwood, Ceramic, Laminate"", ""neighbourhood_amenities"": ""Schools, Transit""}"
8,"606 King Street E, Toronto, Ontario",2839,1047000,"images/house1/1.jpg, images/house1/2.jpg, images/house1/3.jpg, images/house1/4.jpg, images/house1/5.jpg, images/house1/6.jpg, images/house1/7.jpg, images/house1/8.jpg, images/house1/9.jpg, images/house1/10.jpg","{""bedrooms"": ""5 + 1"", ""bathrooms"": ""4"", ""property_type"": ""Condominium"", ""building_type"": ""Townhouse"", ""storeys"": 3, ""title"": ""Condominium"", ""land_size"": ""34 x 67 FT"", ""annual_property_taxes"": ""$9811.00"", ""total_parking_spaces"": 0, ""cooling"": ""-"", ""heating_type"": ""Radiant Heat"", ""utility_sewer"": ""Sanitary sewer"", ""water"": ""Municipal water"", ""exterior_finish"": ""Brick, Stone"", ""time_on_market"": ""23 days"", ""basement_features"": ""None"", ""interior_features"": ""Hardwood, Ceramic, Laminate"", ""neighbourhood_amenities"": ""Schools, Transit""}"
9,"916 Bay Street, Toronto, Ontario",1941,2887000,"images/house2/1.jpg, images/house2/2.jpg, images/house2/3.jpg, images/house2/4.jpg, images/house2/5.jpg, images/house2/6.jpg, images/house2/7.jpg, images/house2/8.jpg, images/house2/9.jpg, images/house2/10.jpg","{""bedrooms"": ""2 + 2"", ""bathrooms"": ""3"", ""property_type"": ""Condominium"", ""building_type"": ""House"", ""storeys"": 2, ""title"": ""Condominium"", ""land_size"": ""35 x 126 FT"", ""annual_property_taxes"": ""$5767.00"", ""total_parking_spaces"": 3, ""cooling"": ""Window Unit"", ""heating_type"": ""Heat Pump"", ""utility_sewer"": ""Municipal sewage system"", ""water"": ""Municipal water"", ""exterior_finish"": ""Brick"", ""time_on_market"": ""26 days"", ""basement_features"": ""None"", ""interior_features"": ""Central Vacuum, Dishwasher"", ""neighbourhood_amenities"": ""Schools, Transit""}"
10,"667 King Street W, Toronto, Ontario",690,2014000,"images/house2/1.jpg, images/house2/2.jpg, images/house2/3.jpg, images/house2/4.jpg, images/house2/5.jpg, images/house2/6.jpg, images/house2/7.jpg, images/house2/8.jpg, images/house2/9.jpg, images/house2/10.jpg","{""bedrooms"": ""2 + 0"", ""bathrooms"": ""3"", ""property_type"": ""Townhouse"", ""building_type"": ""Condominium"", ""storeys"": 2, ""title"": ""Condominium"", ""land_size"": ""13 x 135 FT"", ""annual_property_taxes"": ""$7880.00"", ""total_parking_spaces"": 4, ""cooling"": ""-"", ""heating_type"": ""Radiant Heat"", ""utility_sewer"": ""Sanitary sewer"", ""water"": ""Municipal water"", ""exterior_finish"": ""Stone"", ""time_on_market"": ""17 days"", ""basement_features"": ""-"", ""interior_features"": ""Hardwood, Ceramic, Laminate"", ""neighbourhood_amenities"": ""Shopping, Hospitals""}"
11,"350 Bathurst Street, Toronto, Ontario",1414,1810000,"images/house1/1.jpg, images/house1/2.jpg, images/house1/3.jpg, images/house1/4.jpg, images/house1/5.jpg, images/house1/6.jpg, images/house1/7.jpg, images/house1/8.jpg, images/house1/9.jpg, images/house1/10.jpg","{""bedrooms"": ""4 + 2"", ""bathrooms"": ""3"", ""property_type"": ""Condominium"", ""building_type"": ""House"", ""storeys"": 1, ""title"": ""Condominium"", ""land_size"": ""12 x 93 FT"", ""annual_property_taxes"": ""$13706.00"", ""total_parking_spaces"": 3, ""cooling"": ""-"", ""heating_type"": ""Radiant Heat"", ""utility_sewer"": ""Municipal sewage system"", ""water"": ""Municipal water"", ""exterior_finish"": ""Brick"", ""time_on_market"": ""52 days"", ""basement_features"": ""None"", ""interior_features"": ""Vinyl, Concrete"", ""neighbourhood_amenities"": ""Schools, Transit""}"
12,"633 Church Street, Toronto, Ontario",2852,1482000,"images/house2/1.jpg, images/house2/2.jpg, images/house2/3.jpg, images/house2/4.jpg, images/house2/5.jpg, images/house2/6.jpg, images/house2/7.jpg, images/house2/8.jpg, images/house2/9.jpg, images/house2/10.jpg","{""bedrooms"": ""4 + 1"", ""bathrooms"": ""2"", ""property_type"": ""Single Family"", ""building_type"": ""Condominium"", ""storeys"": 1, ""title"": ""Condominium"", ""land_size"": ""14 x 118 FT"", ""annual_property_taxes"": ""$3956.00"", ""total_parking_spaces"": 0, ""cooling"": ""Window Unit"", ""heating_type"": ""Radiant Heat"", ""utility_sewer"": ""Sanitary sewer"", ""water"": ""Municipal water"", ""exterior_finish"": ""Stone"", ""time_on_market"": ""33 days"", ""basement_features"": ""-"", ""interior_features"": ""Hardwood, Ceramic, Laminate"", ""neighbourhood_amenities"": ""Schools, Transit""}"
13,"542 King Street W, Toronto, Ontario",1782,1315000,"images/house3/1.jpg, images/house3/2.jpg, images/house3/3.jpg, images/house3/4.jpg, images/house3/5.jpg, images/house3/6.jpg, images/house3/7.jpg, images/house3/8.jpg, images/house3/9.jpg, images/house3/10.jpg","{""bedrooms"": ""4 + 0"", ""bathrooms"": ""1"", ""property_type"": ""Condominium"", ""building_type"": ""Condominium"", ""storeys"": 3, ""title"": ""Condominium"", ""land_size"": ""26 x 132 FT"", ""annual_property_taxes"": ""$13726.00"", ""total_parking_spaces"": 2, ""cooling"": ""-"", ""heating_type"": ""Heat Pump"", ""utility_sewer"": ""Municipal sewage system"", ""water"": ""Municipal water"", ""exterior_finish"": ""Stone"", ""time_on_market"": ""100 days"", ""basement_features"": ""Walk-out"", ""interior_features"": ""Vinyl, Concrete"", ""neighbourhood_amenities"": ""Parks, Transit""}"
14,"417 Yonge Street, Toronto, Ontario",1382,2038000,"images/house1/1.jpg, images/house1/2.jpg, images/house1/3.jpg, images/house1/4.jpg, images/house1/5.jpg, images/house1/6.jpg, images/house1/7.jpg, images/house1/8.jpg, images/house1/9.jpg, images/house1/10.jpg","{""bedrooms"": ""5 + 1"", ""bathrooms"": ""3"", ""property_type"": ""Townhouse"", ""building_type"": ""Condominium"", ""storeys"": 2, ""title"": ""Freehold"", ""land_size"": ""32 x 56 FT"", ""annual_property_taxes"": ""$12768.00"", ""total_parking_spaces"": 3, ""cooling"": ""Window Unit"", ""heating_type"": ""Forced air (Natural gas)"", ""utility_sewer"": ""Municipal sewage system"", ""water"": ""Municipal water"", ""exterior_finish"": ""Brick, Stone"", ""time_on_market"": ""12 days"", ""basement_features"": ""-"", ""interior_features"": ""Hardwood, Ceramic, Laminate"", ""neighbourhood_amenities"": ""Shopping, Hospitals""}"
15,"466 Bay Street, Toronto, Ontario",1393,2886000,"images/house1/1.jpg, images/house1/2.jpg, images/house1/3.jpg, images/house1/4.jpg, images/house1/5.jpg, images/house1/6.jpg, images/house1/7.jpg, images/house1/8.jpg, images/house1/9.jpg, images/house1/10.jpg","{""bedrooms"": ""3 + 1"", ""bathrooms"": ""2"", ""property_type"": ""Condominium"", ""building_type"": ""House"", ""storeys"": 2, ""title"": ""Condominium"", ""land_size"": ""34 x 118 FT"", ""annual_property_taxes"": ""$10479.00"", ""total_parking_spaces"": 1, ""cooling"": ""Window Unit"", ""heating_type"": ""Heat Pump"", ""utility_sewer"": ""Sanitary sewer"", ""water"": ""Municipal water"", ""exterior_finish"": ""Brick, Stone"", ""time_on_market"": ""37 days"", ""basement_features"": ""None"", ""interior_features"": ""Vinyl, Concrete"", ""neighbourhood_amenities"": ""Schools, Transit""}"
16,"366 Bathurst Street, Toronto, Ontario",1941,1938000,"images/house2/1.jpg, images/house2/2.jpg, images/house2/3.jpg, images/house2/4.jpg, images/house2/5.jpg, images/house2/6.jpg, images/house2/7.jpg, images/house2/8.jpg, images/house2/9.jpg, images/house2/10.jpg","{""bedrooms"": ""3 + 2"", ""bathrooms"": ""4"", ""property_type"": ""Single Family"", ""building_type"": ""House"", ""storeys"": 2, ""title"": ""Freehold"", ""land_size"": ""37 x 119 FT"", ""annual_property_taxes"": ""$2082.00"", ""total_parking_spaces"": 0, ""cooling"": ""Central air conditioning"", ""heating_type"": ""Radiant Heat"", ""utility_sewer"": ""Municipal sewage system"", ""water"": ""Municipal water"", ""exterior_finish"": ""Brick"", ""time_on_market"": ""112 days"", ""basement_features"": ""-"", ""interior_features"": ""Vinyl, Concrete"", ""neighbourhood_amenities"": ""Schools, Transit""}"
17,"373 Yonge Street, Toronto, Ontario",850,1761000,"images/house2/1.jpg, images/house2/2.jpg, images/house2/3.jpg, images/house2/4.jpg, images/house2/5.jpg, images/house2/6.jpg, images/house2/7.jpg, images/house2/8.jpg, images/house2/9.jpg, images/house2/10.jpg","{""bedrooms"": ""3 + 0"", ""bathrooms"": ""3"", ""property_type"": ""Townhouse"", ""building_type"": ""Condominium"", ""storeys"": 2, ""title"": ""Condominium"", ""land_size"": ""42 x 120 FT"", ""annual_property_taxes"": ""$9552.00"", ""total_parking_spaces"": 3, ""cooling"": ""-"", ""heating_type"": ""Forced air (Natural gas)"", ""utility_sewer"": ""Municipal sewage system"", ""water"": ""Municipal water"", ""exterior_finish"": ""Brick, Stone"", ""time_on_market"": ""54 days"", ""basement_features"": ""None"", ""interior_features"": ""Vinyl, Concrete"", ""neighbourhood_amenities"": ""Parks, Transit""}"
18,"330 Bathurst Street, Toronto, Ontario",1048,1937000,"images/house2/1.jpg, images/house2/2.jpg, images/house2/3.jpg, images/house2/4.jpg, images/house2/5.jpg, images/house2/6.jpg, images/house2/7.jpg, images/house2/8.jpg, images/house2/9.jpg, images/house2/10.jpg","{""bedrooms"": ""5 + 1"", ""bathrooms"": ""4"", ""property_type"": ""Single Family"", ""building_type"": ""House"", ""storeys"": 3, ""title"": ""Freehold"", ""land_size"": ""43 x 90 FT"", ""annual_property_taxes"": ""$4439.00"", ""total_parking_spaces"": 0, ""cooling"": ""-"", ""heating_type"": ""Radiant Heat"", ""utility_sewer"": ""Municipal sewage system"", ""water"": ""Municipal water"", ""exterior_finish"": ""Stone"", ""time_on_market"": ""49 days"", ""basement_features"": ""-"", ""interior_features"": ""Hardwood, Ceramic, Laminate"", ""neighbourhood_amenities"": ""Schools, Transit""}"
19,"598 Dundas Street E, Toronto, Ontario",2851,3000000,"images/house3/1.jpg, images/house3/2.jpg, images/house3/3.jpg, images/house3/4.jpg, images/house3/5.jpg, images/house3/6.jpg, images/house3/7.jpg, images/house3/8.jpg, images/house3/9.jpg, images/house3/10.jpg","{""bedrooms"": ""4 + 2"", ""bathrooms"": ""1"", ""property_type"": ""Single Family"", ""building_type"": ""Condominium"", ""storeys"": 1, ""title"": ""Freehold"", ""land_size"": ""40 x 119 FT"", ""annual_property_taxes"": ""$3733.00"", ""total_parking_spaces"": 0, ""cooling"": ""Window Unit"", ""heating_type"": ""Radiant Heat"", ""utility_sewer"": ""Sanitary sewer"", ""water"": ""Municipal water"", ""exterior_finish"": ""Brick"", ""time_on_market"": ""119 days"", ""basement_features"": ""None"", ""interior_features"": ""Central Vacuum, Dishwasher"", ""neighbourhood_amenities"": ""Shopping, Hospitals""}"
20,"857 Yonge Street, Toronto, Ontario",1137,1727000,"images/house2/1.jpg, images/house2/2.jpg, images/house2/3.jpg, images/house2/4.jpg, images/house2/5.jpg, images/house2/6.jpg, images/house2/7.jpg, images/house2/8.jpg, images/house2/9.jpg, images/house2/10.jpg","{""bedrooms"": ""5 + 2"", ""bathrooms"": ""3"", ""property_type"": ""Condominium"", ""building_type"": ""Condominium"", ""storeys"": 2, ""title"": ""Freehold"", ""land_size"": ""39 x 139 FT"", ""annual_property_taxes"": ""$14468.00"", ""total_parking_spaces"": 2, ""cooling"": ""Window Unit"", ""heating_type"": ""Radiant Heat"", ""utility_sewer"": ""Municipal sewage system"", ""water"": ""Municipal water"", ""exterior_finish"": ""Brick, Stone"", ""time_on_market"": ""81 days"", ""basement_features"": ""None"", ""interior_features"": ""Hardwood, Ceramic, Laminate"", ""neighbourhood_amenities"": ""Schools, Transit""}"
21,"924 Dundas Street W, Toronto, Ontario",2838,2751000,"images/house3/1.jpg, images/house3/2.jpg, images/house3/3.jpg, images/house3/4.jpg, images/house3/5.jpg, images/house3/6.jpg, images/house3/7.jpg, images/house3/8.jpg, images/house3/9.jpg, images/house3/10.jpg","{""bedrooms"": ""5 + 0"", ""bathrooms"": ""3"", ""property_type"": ""Townhouse"", ""building_type"": ""Condominium"", ""storeys"": 1, ""title"": ""Condominium"", ""land_size"": ""20 x 146 FT"", ""annual_property_taxes"": ""$2602.00"", ""total_parking_spaces"": 3, ""cooling"": ""Window Unit"", ""heating_type"": ""Radiant Heat"", ""utility_sewer"": ""Sanitary sewer"", ""water"": ""Municipal water"", ""exterior_finish"": ""Brick"", ""time_on_market"": ""110 days"", ""basement_features"": ""Separate entrance"", ""interior_features"": ""Central Vacuum, Dishwasher"", ""neighbourhood_amenities"": ""Shopping, Hospitals""}"
22,"730 Bay Street, Toronto, Ontario",2793,2439000,"images/house1/1.jpg, images/house1/2.jpg, images/house1/3.jpg, images/house1/4.jpg, images/house1/5.jpg, images/house1/6.jpg, images/house1/7.jpg, images/house1/8.jpg, images/house1/9.jpg, images/house1/10.jpg","{""bedrooms"": ""3 + 0"", ""bathrooms"": ""1"", ""property_type"": ""Townhouse"", ""building_type"": ""House"", ""storeys"": 2, ""title"": ""Freehold"", ""land_size"": ""31 x 108 FT"", ""annual_property_taxes"": ""$10214.00"", ""total_parking_spaces"": 0, ""cooling"": ""Central air conditioning"", ""heating_type"": ""Radiant Heat"", ""utility_sewer"": ""Sanitary sewer"", ""water"": ""Municipal water"", ""exterior_finish"": ""Stone"", ""time_on_market"": ""37 days"", ""basement_features"": ""-"", ""interior_features"": ""Hardwood, Ceramic, Laminate"", ""neighbourhood_amenities"": ""Schools, Transit""}"
23,"324 Queen Street E, Toronto, Ontario",1981,2938000,"images/house3/1.jpg, images/house3/2.jpg, images/house3/3.jpg, images/house3/4.jpg, images/house3/5.jpg, images/house3/6.jpg, images/house3/7.jpg, images/house3/8.jpg, images/house3/9.jpg, images/house3/10.jpg","{""bedrooms"": ""2 + 0"", ""bathrooms"": ""4"", ""property_type"": ""Condominium"", ""building_type"": ""Condominium"", ""storeys"": 3, ""title"": ""Condominium"", ""land_size"": ""40 x 72 FT"", ""annual_property_taxes"": ""$3056.00"", ""total_parking_spaces"": 0, ""cooling"": ""-"", ""heating_type"": ""Heat Pump"", ""utility_sewer"": ""Municipal sewage system"", ""water"": ""Municipal water"", ""exterior_finish"": ""Stone"", ""time_on_market"": ""62 days"", ""basement_features"": ""-"", ""interior_features"": ""Vinyl, Concrete"", ""neighbourhood_amenities"": ""Shopping, Hospitals""}"
24,"569 Yonge Street, Toronto, Ontario",617,3813000,"images/house3/1.jpg, images/house3/2.jpg, images/house3/3.jpg, images/house3/4.jpg, images/house3/5.jpg, images/house3/6.jpg, images/house3/7.jpg, images/house3/8.jpg, images/house3/9.jpg, images/house3/10.jpg","{""bedrooms"": ""2 + 1"", ""bathrooms"": ""1"", ""property_type"": ""Single Family"", ""building_type"": ""Townhouse"", ""storeys"": 3, ""title"": ""Freehold"", ""land_size"": ""22 x 139 FT"", ""annual_property_taxes"": ""$14936.00"", ""total_parking_spaces"": 0, ""cooling"": ""Window Unit"", ""heating_type"": ""Heat Pump"", ""utility_sewer"": ""Municipal sewage system"", ""water"": ""Municipal water"", ""exterior_finish"": ""Brick"", ""time_on_market"": ""29 days"", ""basement_features"": ""-"", ""interior_features"": ""Hardwood, Ceramic, Laminate"", ""neighbourhood_amenities"": ""Schools, Transit""}"
25,"283 Bay Street, Toronto, Ontario",1821,1502000,"images/house1/1.jpg, images/house1/2.jpg, images/house1/3.jpg, images/house1/4.jpg, images/house1/5.jpg, images/house1/6.jpg, images/house1/7.jpg, images/house1/8.jpg, images/house1/9.jpg, images/house1/10.jpg","{""bedrooms"": ""4 + 0"", ""bathrooms"": ""1"", ""property_type"": ""Single Family"", ""building_type"": ""Condominium"", ""storeys"": 2, ""title"": ""Condominium"", ""land_size"": ""22 x 85 FT"", ""annual_property_taxes"": ""$5798.00"", ""total_parking_spaces"": 0, ""cooling"": ""Window Unit"", ""heating_type"": ""Radiant Heat"", ""utility_sewer"": ""Municipal sewage system"", ""water"": ""Municipal water"", ""exterior_finish"": ""Stone"", ""time_on_market"": ""75 days"", ""basement_features"": ""-"", ""interior_features"": ""Hardwood, Ceramic, Laminate"", ""neighbourhood_amenities"": ""Shopping, Hospitals""}"
26,"483 Bathurst Street, Toronto, Ontario",2123,1237000,"images/house2/1.jpg, images/house2/2.jpg, images/house2/3.jpg, images/house2/4.jpg, images/house2/5.jpg, images/house2/6.jpg, images/house2/7.jpg, images/house2/8.jpg, images/house2/9.jpg, images/house2/10.jpg","{""bedrooms"": ""2 + 1"", ""bathrooms"": ""4"", ""property_type"": ""Townhouse"", ""building_type"": ""House"", ""storeys"": 2, ""title"": ""Condominium"", ""land_size"": ""49 x 55 FT"", ""annual_property_taxes"": ""$2146.00"", ""total_parking_spaces"": 2, ""cooling"": ""Window Unit"", ""heating_type"": ""Heat Pump"", ""utility_sewer"": ""Sanitary sewer"", ""water"": ""Municipal water"", ""exterior_finish"": ""Brick"", ""time_on_market"": ""80 days"", ""basement_features"": ""-"", ""interior_features"": ""Vinyl, Concrete"", ""neighbourhood_amenities"": ""Shopping, Hospitals""}"
27,"552 Church Street, Toronto, Ontario",2487,677000,"images/house2/1.jpg, images/house2/2.jpg, images/house2/3.jpg, images/house2/4.jpg, images/house2/5.jpg, images/house2/6.jpg, images/house2/7.jpg, images/house2/8.jpg, images/house2/9.jpg, images/house2/10.jpg","{""bedrooms"": ""3 + 0"", ""bathrooms"": ""3"", ""property_type"": ""Single Family"", ""building_type"": ""House"", ""storeys"": 1, ""title"": ""Freehold"", ""land_size"": ""48 x 72 FT"", ""annual_property_taxes"": ""$9467.00"", ""total_parking_spaces"": 2, ""cooling"": ""Window Unit"", ""heating_type"": ""Forced air (Natural gas)"", ""utility_sewer"": ""Municipal sewage system"", ""water"": ""Municipal water"", ""exterior_finish"": ""Stone"", ""time_on_market"": ""56 days"", ""basement_features"": ""None"", ""interior_features"": ""Hardwood, Ceramic, Laminate"", ""neighbourhood_amenities"": ""Parks, Transit""}"
28,"479 Yonge Street, Toronto, Ontario",1742,1453000,"images/house3/1.jpg, images/house3/2.jpg, images/house3/3.jpg, images/house3/4.jpg, images/house3/5.jpg, images/house3/6.jpg, images/house3/7.jpg, images/house3/8.jpg, images/house3/9.jpg, images/house3/10.jpg","{""bedrooms"": ""4 + 2"", ""bathrooms"": ""2"", ""property_type"": ""Condominium"", ""building_type"": ""Townhouse"", ""storeys"": 2, ""title"": ""Condominium"", ""land_size"": ""23 x 66 FT"", ""annual_property_taxes"": ""$9344.00"", ""total_parking_spaces"": 2, ""cooling"": ""-"", ""heating_type"": ""Heat Pump"", ""utility_sewer"": ""Sanitary sewer"", ""water"": ""Municipal water"", ""exterior_finish"": ""Stone"", ""time_on_market"": ""72 days"", ""basement_features"": ""Separate entrance"", ""interior_features"": ""Central Vacuum, Dishwasher"", ""neighbourhood_amenities"": ""Shopping, Hospitals""}"
29,"843 Yonge Street, Toronto, Ontario",1780,480000,"images/house2/1.jpg, images/house2/2.jpg, images/house2/3.jpg, images/house2/4.jpg, images/house2/5.jpg, images/house2/6.jpg, images/house2/7.jpg, images/house2/8.jpg, images/house2/9.jpg, images/house2/10.jpg","{""bedrooms"": ""5 + 2"", ""bathrooms"": ""2"", ""property_type"": ""Townhouse"", ""building_type"": ""Townhouse"", ""storeys"": 1, ""title"": ""Condominium"", ""land_size"": ""31 x 141 FT"", ""annual_property_taxes"": ""$8146.00"", ""total_parking_spaces"": 2, ""cooling"": ""Central air conditioning"", ""heating_type"": ""Heat Pump"", ""utility_sewer"": ""Sanitary sewer"", ""water"": ""Municipal water"", ""exterior_finish"": ""Brick, Stone"", ""time_on_market"": ""50 days"", ""basement_features"": ""None"", ""interior_features"": ""Hardwood, Ceramic, Laminate"", ""neighbourhood_amenities"": ""Schools, Transit""}"
30,"347 Bay Street, Toronto, Ontario",1190,3307000,"images/house2/1.jpg, images/house2/2.jpg, images/house2/3.jpg, images/house2/4.jpg, images/house2/5.jpg, images/house2/6.jpg, images/house2/7.jpg, images/house2/8.jpg, images/house2/9.jpg, images/house2/10.jpg","{""bedrooms"": ""4 + 0"", ""bathrooms"": ""3"", ""property_type"": ""Condominium"", ""building_type"": ""Condominium"", ""storeys"": 2, ""title"": ""Freehold"", ""land_size"": ""25 x 103 FT"", ""annual_property_taxes"": ""$3744.00"", ""total_parking_spaces"": 2, ""cooling"": ""Window Unit"", ""heating_type"": ""Forced air (Natural gas)"", ""utility_sewer"": ""Municipal sewage system"", ""water"": ""Municipal water"", ""exterior_finish"": ""Stone"", ""time_on_market"": ""36 days"", ""basement_features"": ""None"", ""interior_features"": ""Vinyl, Concrete"", ""neighbourhood_amenities"": ""Parks, Transit""}"
31,"606 Dundas Street W, Toronto, Ontario",1734,2910000,"images/house3/1.jpg, images/house3/2.jpg, images/house3/3.jpg, images/house3/4.jpg, images/house3/5.jpg, images/house3/6.jpg, images/house3/7.jpg, images/house3/8.jpg, images/house3/9.jpg, images/house3/10.jpg","{""bedrooms"": ""2 + 1"", ""bathrooms"": ""3"", ""property_type"": ""Condominium"", ""building_type"": ""Townhouse"", ""storeys"": 1, ""title"": ""Freehold"", ""land_size"": ""12 x 105 FT"", ""annual_property_taxes"": ""$6201.00"", ""total_parking_spaces"": 4, ""cooling"": ""Central air conditioning"", ""heating_type"": ""Forced air (Natural gas)"", ""utility_sewer"": ""Sanitary sewer"", ""water"": ""Municipal water"", ""exterior_finish"": ""Stone"", ""time_on_market"": ""4 days"", ""basement_features"": ""Separate entrance"", ""interior_features"": ""Central Vacuum, Dishwasher"", ""neighbourhood_amenities"": ""Parks, Transit""}"
32,"669 Church Street, Toronto, Ontario",2610,3107000,"images/house3/1.jpg, images/house3/2.jpg, images/house3/3.jpg, images/house3/4.jpg, images/house3/5.jpg, images/house3/6.jpg, images/house3/7.jpg, images/house3/8.jpg, images/house3/9.jpg, images/house3/10.jpg","{""bedrooms"": ""3 + 1"", ""bathrooms"": ""2"", ""property_type"": ""Condominium"", ""building_type"": ""House"", ""storeys"": 2, ""title"": ""Condominium"", ""land_size"": ""27 x 98 FT"", ""annual_property_taxes"": ""$5177.00"", ""total_parking_spaces"": 4, ""cooling"": ""Central air conditioning"", ""heating_type"": ""Heat Pump"", ""utility_sewer"": ""Sanitary sewer"", ""water"": ""Municipal water"", ""exterior_finish"": ""Brick, Stone"", ""time_on_market"": ""87 days"", ""basement_features"": ""Separate entrance"", ""interior_features"": ""Hardwood, Ceramic, Laminate"", ""neighbourhood_amenities"": ""Schools, Transit""}"
33,"859 Queen Street W, Toronto, Ontario",1936,2864000,"images/house2/1.jpg, images/house2/2.jpg, images/house2/3.jpg, images/house2/4.jpg, images/house2/5.jpg, images/house2/6.jpg, images/house2/7.jpg, images/house2/8.jpg, images/house2/9.jpg, images/house2/10.jpg","{""bedrooms"": ""5 + 0"", ""bathrooms"": ""1"", ""property_type"": ""Condominium"", ""building_type"": ""Condominium"", ""storeys"": 2, ""title"": ""Condominium"", ""land_size"": ""28 x 113 FT"", ""annual_property_taxes"": ""$4363.00"", ""total_parking_spaces"": 1, ""cooling"": ""Window Unit"", ""heating_type"": ""Forced air (Natural gas)"", ""utility_sewer"": ""Municipal sewage system"", ""water"": ""Municipal water"", ""exterior_finish"": ""Stone"", ""time_on_market"": ""111 days"", ""basement_features"": ""Separate entrance"", ""interior_features"": ""Hardwood, Ceramic, Laminate"", ""neighbourhood_amenities"": ""Shopping, Hospitals""}"
34,"827 Dundas Street E, Toronto, Ontario",1469,3447000,"images/house3/1.jpg, images/house3/2.jpg, images/house3/3.jpg, images/house3/4.jpg, images/house3/5.jpg, images/house3/6.jpg, images/house3/7.jpg, images/house3/8.jpg, images/house3/9.jpg, images/house3/10.jpg","{""bedrooms"": ""3 + 1"", ""bathrooms"": ""1"", ""property_type"": ""Condominium"", ""building_type"": ""House"", ""storeys"": 1, ""title"": ""Condominium"", ""land_size"": ""14 x 140 FT"", ""annual_property_taxes"": ""$4442.00"", ""total_parking_spaces"": 1, ""cooling"": ""-"", ""heating_type"": ""Heat Pump"", ""utility_sewer"": ""Municipal sewage system"", ""water"": ""Municipal water"", ""exterior_finish"": ""Stone"", ""time_on_market"": ""65 days"", ""basement_features"": ""Separate entrance"", ""interior_features"": ""Vinyl, Concrete"", ""neighbourhood_amenities"": ""Parks, Transit""}"
35,"99 Queen Street E, Toronto, Ontario",621,2046000,"images/house1/1.jpg, images/house1/2.jpg, images/house1/3.jpg, images/house1/4.jpg, images/house1/5.jpg, images/house1/6.jpg, images/house1/7.jpg, images/house1/8.jpg, images/house1/9.jpg, images/house1/10.jpg","{""bedrooms"": ""5 + 0"", ""bathrooms"": ""2"", ""property_type"": ""Condominium"", ""building_type"": ""Condominium"", ""storeys"": 1, ""title"": ""Freehold"", ""land_size"": ""20 x 118 FT"", ""annual_property_taxes"": ""$9788.00"", ""total_parking_spaces"": 0, ""cooling"": ""-"", ""heating_type"": ""Radiant Heat"", ""utility_sewer"": ""Municipal sewage system"", ""water"": ""Municipal water"", ""exterior_finish"": ""Brick"", ""time_on_market"": ""116 days"", ""basement_features"": ""-"", ""interior_features"": ""Hardwood, Ceramic, Laminate"", ""neighbourhood_amenities"": ""Parks, Transit""}"
36,"438 Bay Street, Toronto, Ontario",2574,3372000,"images/house3/1.jpg, images/house3/2.jpg, images/house3/3.jpg, images/house3/4.jpg, images/house3/5.jpg, images/house3/6.jpg, images/house3/7.jpg, images/house3/8.jpg, images/house3/9.jpg, images/house3/10.jpg","{""bedrooms"": ""4 + 0"", ""bathrooms"": ""2"", ""property_type"": ""Townhouse"", ""building_type"": ""Condominium"", ""storeys"": 1, ""title"": ""Condominium"", ""land_size"": ""16 x 90 FT"", ""annual_property_taxes"": ""$12106.00"", ""total_parking_spaces"": 1, ""cooling"": ""-"", ""heating_type"": ""Radiant Heat"", ""utility_sewer"": ""Sanitary sewer"", ""water"": ""Municipal water"", ""exterior_finish"": ""Stone"", ""time_on_market"": ""22 days"", ""basement_features"": ""Separate entrance"", ""interior_features"": ""Central Vacuum, Dishwasher"", ""neighbourhood_amenities"": ""Parks, Transit""}"
37,"829 Dundas Street W, Toronto, Ontario",630,1595000,"images/house1/1.jpg, images/house1/2.jpg, images/house1/3.jpg, images/house1/4.jpg, images/house1/5.jpg, images/house1/6.jpg, images/house1/7.jpg, images/house1/8.jpg, images/house1/9.jpg, images/house1/10.jpg","{""bedrooms"": ""4 + 2"", ""bathrooms"": ""1"", ""property_type"": ""Condominium"", ""building_type"": ""Townhouse"", ""storeys"": 2, ""title"": ""Freehold"", ""land_size"": ""16 x 111 FT"", ""annual_property_taxes"": ""$3189.00"", ""total_parking_spaces"": 1, ""cooling"": ""Window Unit"", ""heating_type"": ""Radiant Heat"", ""utility_sewer"": ""Sanitary sewer"", ""water"": ""Municipal water"", ""exterior_finish"": ""Stone"", ""time_on_market"": ""104 days"", ""basement_features"": ""None"", ""interior_features"": ""Vinyl, Concrete"", ""neighbourhood_amenities"": ""Shopping, Hospitals""}"
38,"502 Yonge Street, Toronto, Ontario",2628,2845000,"images/house2/1.jpg, images/house2/2.jpg, images/house2/3.jpg, images/house2/4.jpg, images/house2/5.jpg, images/house2/6.jpg, images/house2/7.jpg, images/house2/8.jpg, images/house2/9.jpg, images/house2/10.jpg","{""bedrooms"": ""2 + 1"", ""bathrooms"": ""3"", ""property_type"": ""Condominium"", ""building_type"": ""Condominium"", ""storeys"": 3, ""title"": ""Condominium"", ""land_size"": ""42 x 104 FT"", ""annual_property_taxes"": ""$7731.00"", ""total_parking_spaces"": 4, ""cooling"": ""-"", ""heating_type"": ""Radiant Heat"", ""utility_sewer"": ""Sanitary sewer"", ""water"": ""Municipal water"", ""exterior_finish"": ""Stone"", ""time_on_market"": ""60 days"", ""basement_features"": ""None"", ""interior_features"": ""Vinyl, Concrete"", ""neighbourhood_amenities"": ""Parks, Transit""}"
39,"412 Church Street, Toronto, Ontario",2680,2480000,"images/house3/1.jpg, images/house3/2.jpg, images/house3/3.jpg, images/house3/4.jpg, images/house3/5.jpg, images/house3/6.jpg, images/house3/7.jpg, images/house3/8.jpg, images/house3/9.jpg, images/house3/10.jpg","{""bedrooms"": ""5 + 1"", ""bathrooms"": ""4"", ""property_type"": ""Condominium"", ""building_type"": ""Townhouse"", ""storeys"": 1, ""title"": ""Condominium"", ""land_size"": ""26 x 71 FT"", ""annual_property_taxes"": ""$3740.00"", ""total_parking_spaces"": 3, ""cooling"": ""Central air conditioning"", ""heating_type"": ""Radiant Heat"", ""utility_sewer"": ""Sanitary sewer"", ""water"": ""Municipal water"", ""exterior_finish"": ""Brick"", ""time_on_market"": ""114 days"", ""basement_features"": ""None"", ""interior_features"": ""Central Vacuum, Dishwasher"", ""neighbourhood_amenities"": ""Shopping, Hospitals""}"
40,"134 Queen Street W, Toronto, Ontario",2778,1311000,"images/house1/1.jpg, images/house1/2.jpg, images/house1/3.jpg, images/house1/4.jpg, images/house1/5.jpg, images/house1/6.jpg, images/house1/7.jpg, images/house1/8.jpg, images/house1/9.jpg, images/house1/10.jpg","{""bedrooms"": ""4 + 2"", ""bathrooms"": ""3"", ""property_type"": ""Single Family"", ""building_type"": ""Condominium"", ""storeys"": 1, ""title"": ""Freehold"", ""land_size"": ""32 x 88 FT"", ""annual_property_taxes"": ""$6376.00"", ""total_parking_spaces"": 1, ""cooling"": ""Window Unit"", ""heating_type"": ""Forced air (Natural gas)"", ""utility_sewer"": ""Municipal sewage system"", ""water"": ""Municipal water"", ""exterior_finish"": ""Brick, Stone"", ""time_on_market"": ""63 days"", ""basement_features"": ""Walk-out"", ""interior_features"": ""Hardwood, Ceramic, Laminate"", ""neighbourhood_amenities"": ""Parks, Transit""}"
41,"787 Queen Street E, Toronto, Ontario",1331,3222000,"images/house1/1.jpg, images/house1/2.jpg, images/house1/3.jpg, images/house1/4.jpg, images/house1/5.jpg, images/house1/6.jpg, images/house1/7.jpg, images/house1/8.jpg, images/house1/9.jpg, images/house1/10.jpg","{""bedrooms"": ""2 + 2"", ""bathrooms"": ""4"", ""property_type"": ""Condominium"", ""building_type"": ""House"", ""storeys"": 2, ""title"": ""Freehold"", ""land_size"": ""46 x 143 FT"", ""annual_property_taxes"": ""$8941.00"", ""total_parking_spaces"": 2, ""cooling"": ""-"", ""heating_type"": ""Radiant Heat"", ""utility_sewer"": ""Sanitary sewer"", ""water"": ""Municipal water"", ""exterior_finish"": ""Stone"", ""time_on_market"": ""35 days"", ""basement_features"": ""Separate entrance"", ""interior_features"": ""Vinyl, Concrete"", ""neighbourhood_amenities"": ""Parks, Transit""}"
42,"724 Queen Street W, Toronto, Ontario",1395,1910000,"images/house3/1.jpg, images/house3/2.jpg, images/house3/3.jpg, images/house3/4.jpg, images/house3/5.jpg, images/house3/6.jpg, images/house3/7.jpg, images/house3/8.jpg, images/house3/9.jpg, images/house3/10.jpg","{""bedrooms"": ""3 + 1"", ""bathrooms"": ""3"", ""property_type"": ""Townhouse"", ""building_type"": ""House"", ""storeys"": 3, ""title"": ""Condominium"", ""land_size"": ""20 x 67 FT"", ""annual_property_taxes"": ""$7145.00"", ""total_parking_spaces"": 4, ""cooling"": ""-"", ""heating_type"": ""Radiant Heat"", ""utility_sewer"": ""Sanitary sewer"", ""water"": ""Municipal water"", ""exterior_finish"": ""Brick"", ""time_on_market"": ""27 days"", ""basement_features"": ""Separate entrance"", ""interior_features"": ""Hardwood, Ceramic, Laminate"", ""neighbourhood_amenities"": ""Shopping, Hospitals""}"
43,"834 Yonge Street, Toronto, Ontario",1058,458000,"images/house2/1.jpg, images/house2/2.jpg, images/house2/3.jpg, images/house2/4.jpg, images/house2/5.jpg, images/house2/6.jpg, images/house2/7.jpg, images/house2/8.jpg, images/house2/9.jpg, images/house2/10.jpg","{""bedrooms"": ""4 + 1"", ""bathrooms"": ""4"", ""property_type"": ""Single Family"", ""building_type"": ""Townhouse"", ""storeys"": 2, ""title"": ""Condominium"", ""land_size"": ""48 x 51 FT"", ""annual_property_taxes"": ""$3000.00"", ""total_parking_spaces"": 0, ""cooling"": ""Window Unit"", ""heating_type"": ""Forced air (Natural gas)"", ""utility_sewer"": ""Sanitary sewer"", ""water"": ""Municipal water"", ""exterior_finish"": ""Stone"", ""time_on_market"": ""113 days"", ""basement_features"": ""-"", ""interior_features"": ""Vinyl, Concrete"", ""neighbourhood_amenities"": ""Parks, Transit""}"
44,"414 Dundas Street W, Toronto, Ontario",1652,1400000,"images/house1/1.jpg, images/house1/2.jpg, images/house1/3.jpg, images/house1/4.jpg, images/house1/5.jpg, images/house1/6.jpg, images/house1/7.jpg, images/house1/8.jpg, images/house1/9.jpg, images/house1/10.jpg","{""bedrooms"": ""2 + 0"", ""bathrooms"": ""2"", ""property_type"": ""Condominium"", ""building_type"": ""House"", ""storeys"": 2, ""title"": ""Freehold"", ""land_size"": ""31 x 84 FT"", ""annual_property_taxes"": ""$8553.00"", ""total_parking_spaces"": 2, ""cooling"": ""-"", ""heating_type"": ""Radiant Heat"", ""utility_sewer"": ""Sanitary sewer"", ""water"": ""Municipal water"", ""exterior_finish"": ""Stone"", ""time_on_market"": ""83 days"", ""basement_features"": ""Separate entrance"", ""interior_features"": ""Central Vacuum, Dishwasher"", ""neighbourhood_amenities"": ""Parks, Transit""}"
45,"439 Queen Street E, Toronto, Ontario",892,3973000,"images/house1/1.jpg, images/house1/2.jpg, images/house1/3.jpg, images/house1/4.jpg, images/house1/5.jpg, images/house1/6.jpg, images/house1/7.jpg, images/house1/8.jpg, images/house1/9.jpg, images/house1/10.jpg","{""bedrooms"": ""4 + 1"", ""bathrooms"": ""3"", ""property_type"": ""Townhouse"", ""building_type"": ""Townhouse"", ""storeys"": 2, ""title"": ""Freehold"", ""land_size"": ""21 x 56 FT"", ""annual_property_taxes"": ""$7825.00"", ""total_parking_spaces"": 4, ""cooling"": ""Central air conditioning"", ""heating_type"": ""Heat Pump"", ""utility_sewer"": ""Sanitary sewer"", ""water"": ""Municipal water"", ""exterior_finish"": ""Stone"", ""time_on_market"": ""62 days"", ""basement_features"": ""Separate entrance"", ""interior_features"": ""Vinyl, Concrete"", ""neighbourhood_amenities"": ""Schools, Transit""}"
46,"202 King Street E, Toronto, Ontario",1251,2777000,"images/house1/1.jpg, images/house1/2.jpg, images/house1/3.jpg, images/house1/4.jpg, images/house1/5.jpg, images/house1/6.jpg, images/house1/7.jpg, images/house1/8.jpg, images/house1/9.jpg, images/house1/10.jpg","{""bedrooms"": ""3 + 0"", ""bathrooms"": ""1"", ""property_type"": ""Single Family"", ""building_type"": ""House"", ""storeys"": 1, ""title"": ""Freehold"", ""land_size"": ""46 x 73 FT"", ""annual_property_taxes"": ""$11903.00"", ""total_parking_spaces"": 3, ""cooling"": ""-"", ""heating_type"": ""Forced air (Natural gas)"", ""utility_sewer"": ""Sanitary sewer"", ""water"": ""Municipal water"", ""exterior_finish"": ""Brick, Stone"", ""time_on_market"": ""50 days"", ""basement_features"": ""-"", ""interior_features"": ""Hardwood, Ceramic, Laminate"", ""neighbourhood_amenities"": ""Shopping, Hospitals""}"
47,"662 Queen Street W, Toronto, Ontario",1212,3325000,"images/house2/1.jpg, images/house2/2.jpg, images/house2/3.jpg, images/house2/4.jpg, images/house2/5.jpg, images/house2/6.jpg, images/house2/7.jpg, images/house2/8.jpg, images/house2/9.jpg, images/house2/10.jpg","{""bedrooms"": ""4 + 0"", ""bathrooms"": ""4"", ""property_type"": ""Condominium"", ""building_type"": ""House"", ""storeys"": 1, ""title"": ""Condominium"", ""land_size"": ""16 x 58 FT"", ""annual_property_taxes"": ""$4447.00"", ""total_parking_spaces"": 2, ""cooling"": ""-"", ""heating_type"": ""Forced air (Natural gas)"", ""utility_sewer"": ""Sanitary sewer"", ""water"": ""Municipal water"", ""exterior_finish"": ""Stone"", ""time_on_market"": ""31 days"", ""basement_features"": ""Walk-out"", ""interior_features"": ""Hardwood, Ceramic, Laminate"", ""neighbourhood_amenities"": ""Parks, Transit""}"
48,"262 Queen Street W, Toronto, Ontario",2187,840000,"images/house3/1.jpg, images/house3/2.jpg, images/house3/3.jpg, images/house3/4.jpg, images/house3/5.jpg, images/house3/6.jpg, images/house3/7.jpg, images/house3/8.jpg, images/house3/9.jpg, images/house3/10.jpg","{""bedrooms"": ""4 + 2"", ""bathrooms"": ""2"", ""property_type"": ""Condominium"", ""building_type"": ""Condominium"", ""storeys"": 1, ""title"": ""Condominium"", ""land_size"": ""16 x 92 FT"", ""annual_property_taxes"": ""$12928.00"", ""total_parking_spaces"": 4, ""cooling"": ""Central air conditioning"", ""heating_type"": ""Forced air (Natural gas)"", ""utility_sewer"": ""Sanitary sewer"", ""water"": ""Municipal water"", ""exterior_finish"": ""Brick, Stone"", ""time_on_market"": ""88 days"", ""basement_features"": ""Walk-out"", ""interior_features"": ""Vinyl, Concrete"", ""neighbourhood_amenities"": ""Schools, Transit""}"
49,"616 Dundas Street E, Toronto, Ontario",2360,1903000,"images/house2/1.jpg, images/house2/2.jpg, images/house2/3.jpg, images/house2/4.jpg, images/house2/5.jpg, images/house2/6.jpg, images/house2/7.jpg, images/house2/8.jpg, images/house2/9.jpg, images/house2/10.jpg","{""bedrooms"": ""3 + 2"", ""bathrooms"": ""4"", ""property_type"": ""Single Family"", ""building_type"": ""House"", ""storeys"": 1, ""title"": ""Freehold"", ""land_size"": ""13 x 128 FT"", ""annual_property_taxes"": ""$11038.00"", ""total_parking_spaces"": 3, ""cooling"": ""Window Unit"", ""heating_type"": ""Forced air (Natural gas)"", ""utility_sewer"": ""Sanitary sewer"", ""water"": ""Municipal water"", ""exterior_finish"": ""Brick"", ""time_on_market"": ""78 days"", ""basement_features"": ""Walk-out"", ""interior_features"": ""Hardwood, Ceramic, Laminate"", ""neighbourhood_amenities"": ""Parks, Transit""}"
50,"6 Bathurst Street, Toronto, Ontario",2025,2046000,"images/house3/1.jpg, images/house3/2.jpg, images/house3/3.jpg, images/house3/4.jpg, images/house3/5.jpg, images/house3/6.jpg, images/house3/7.jpg, images/house3/8.jpg, images/house3/9.jpg, images/house3/10.jpg","{""bedrooms"": ""3 + 0"", ""bathrooms"": ""2"", ""property_type"": ""Townhouse"", ""building_type"": ""Condominium"", ""storeys"": 2, ""title"": ""Condominium"", ""land_size"": ""49 x 58 FT"", ""annual_property_taxes"": ""$10545.00"", ""total_parking_spaces"": 2, ""cooling"": ""Window Unit"", ""heating_type"": ""Radiant Heat"", ""utility_sewer"": ""Sanitary sewer"", ""water"": ""Municipal water"", ""exterior_finish"": ""Stone"", ""time_on_market"": ""40 days"", ""basement_features"": ""Separate entrance"", ""interior_features"": ""Hardwood, Ceramic, Laminate"", ""neighbourhood_amenities"": ""Schools, Transit""}"
51,"592 Bathurst Street, Toronto, Ontario",724,3321000,"images/house1/1.jpg, images/house1/2.jpg, images/house1/3.jpg, images/house1/4.jpg, images/house1/5.jpg, images/house1/6.jpg, images/house1/7.jpg, images/house1/8.jpg, images/house1/9.jpg, images/house1/10.jpg","{""bedrooms"": ""4 + 0"", ""bathrooms"": ""2"", ""property_type"": ""Townhouse"", ""building_type"": ""Townhouse"", ""storeys"": 3, ""title"": ""Freehold"", ""land_size"": ""21 x 146 FT"", ""annual_property_taxes"": ""$8176.00"", ""total_parking_spaces"": 0, ""cooling"": ""Window Unit"", ""heating_type"": ""Forced air (Natural gas)"", ""utility_sewer"": ""Sanitary sewer"", ""water"": ""Municipal water"", ""exterior_finish"": ""Brick, Stone"", ""time_on_market"": ""88 days"", ""basement_features"": ""-"", ""interior_features"": ""Central Vacuum, Dishwasher"", ""neighbourhood_amenities"": ""Parks, Transit""}"
52,"405 Queen Street E, Toronto, Ontario",1925,2675000,"images/house1/1.jpg, images/house1/2.jpg, images/house1/3.jpg, images/house1/4.jpg, images/house1/5.jpg, images/house1/6.jpg, images/house1/7.jpg, images/house1/8.jpg, images/house1/9.jpg, images/house1/10.jpg","{""bedrooms"": ""3 + 1"", ""bathrooms"": ""4"", ""property_type"": ""Condominium"", ""building_type"": ""House"", ""storeys"": 2, ""title"": ""Freehold"", ""land_size"": ""15 x 61 FT"", ""annual_property_taxes"": ""$4950.00"", ""total_parking_spaces"": 1, ""cooling"": ""Central air conditioning"", ""heating_type"": ""Forced air (Natural gas)"", ""utility_sewer"": ""Municipal sewage system"", ""water"": ""Municipal water"", ""exterior_finish"": ""Brick, Stone"", ""time_on_market"": ""84 days"", ""basement_features"": ""-"", ""interior_features"": ""Central Vacuum, Dishwasher"", ""neighbourhood_amenities"": ""Schools, Transit""}"
53,"105 Yonge Street, Toronto, Ontario",2310,1564000,"images/house2/1.jpg, images/house2/2.jpg, images/house2/3.jpg, images/house2/4.jpg, images/house2/5.jpg, images/house2/6.jpg, images/house2/7.jpg, images/house2/8.jpg, images/house2/9.jpg, images/house2/10.jpg","{""bedrooms"": ""5 + 1"", ""bathrooms"": ""4"", ""property_type"": ""Single Family"", ""building_type"": ""Condominium"", ""storeys"": 1, ""title"": ""Freehold"", ""land_size"": ""31 x 65 FT"", ""annual_property_taxes"": ""$11424.00"", ""total_parking_spaces"": 1, ""cooling"": ""Central air conditioning"", ""heating_type"": ""Heat Pump"", ""utility_sewer"": ""Sanitary sewer"", ""water"": ""Municipal water"", ""exterior_finish"": ""Stone"", ""time_on_market"": ""60 days"", ""basement_features"": ""-"", ""interior_features"": ""Hardwood, Ceramic, Laminate"", ""neighbourhood_amenities"": ""Parks, Transit""}"
54,"648 Church Street, Toronto, Ontario",1392,3860000,"images/house2/1.jpg, images/house2/2.jpg, images/house2/3.jpg, images/house2/4.jpg, images/house2/5.jpg, images/house2/6.jpg, images/house2/7.jpg, images/house2/8.jpg, images/house2/9.jpg, images/house2/10.jpg","{""bedrooms"": ""5 + 1"", ""bathrooms"": ""4"", ""property_type"": ""Condominium"", ""building_type"": ""Townhouse"", ""storeys"": 1, ""title"": ""Condominium"", ""land_size"": ""37 x 128 FT"", ""annual_property_taxes"": ""$8626.00"", ""total_parking_spaces"": 1, ""cooling"": ""-"", ""heating_type"": ""Forced air (Natural gas)"", ""utility_sewer"": ""Sanitary sewer"", ""water"": ""Municipal water"", ""exterior_finish"": ""Brick, Stone"", ""time_on_market"": ""55 days"", ""basement_features"": ""Separate entrance"", ""interior_features"": ""Vinyl, Concrete"", ""neighbourhood_amenities"": ""Shopping, Hospitals""}"
55,"703 Queen Street W, Toronto, Ontario",1602,2276000,"images/house3/1.jpg, images/house3/2.jpg, images/house3/3.jpg, images/house3/4.jpg, images/house3/5.jpg, images/house3/6.jpg, images/house3/7.jpg, images/house3/8.jpg, images/house3/9.jpg, images/house3/10.jpg","{""bedrooms"": ""5 + 2"", ""bathrooms"": ""3"", ""property_type"": ""Townhouse"", ""building_type"": ""Townhouse"", ""storeys"": 2, ""title"": ""Freehold"", ""land_size"": ""20 x 136 FT"", ""annual_property_taxes"": ""$14539.00"", ""total_parking_spaces"": 4, ""cooling"": ""-"", ""heating_type"": ""Radiant Heat"", ""utility_sewer"": ""Sanitary sewer"", ""water"": ""Municipal water"", ""exterior_finish"": ""Stone"", ""time_on_market"": ""83 days"", ""basement_features"": ""Separate entrance"", ""interior_features"": ""Central Vacuum, Dishwasher"", ""neighbourhood_amenities"": ""Parks, Transit""}"
56,"222 Yonge Street, Toronto, Ontario",1369,1702000,"images/house1/1.jpg, images/house1/2.jpg, images/house1/3.jpg, images/house1/4.jpg, images/house1/5.jpg, images/house1/6.jpg, images/house1/7.jpg, images/house1/8.jpg, images/house1/9.jpg, images/house1/10.jpg","{""bedrooms"": ""5 + 2"", ""bathrooms"": ""2"", ""property_type"": ""Townhouse"", ""building_type"": ""Condominium"", ""storeys"": 2, ""title"": ""Freehold"", ""land_size"": ""49 x 60 FT"", ""annual_property_taxes"": ""$14442.00"", ""total_parking_spaces"": 2, ""cooling"": ""-"", ""heating_type"": ""Forced air (Natural gas)"", ""utility_sewer"": ""Municipal sewage system"", ""water"": ""Municipal water"", ""exterior_finish"": ""Brick, Stone"", ""time_on_market"": ""39 days"", ""basement_features"": ""Separate entrance"", ""interior_features"": ""Vinyl, Concrete"", ""neighbourhood_amenities"": ""Shopping, Hospitals""}"
57,"146 King Street W, Toronto, Ontario",1239,708000,"images/house3/1.jpg, images/house3/2.jpg, images/house3/3.jpg, images/house3/4.jpg, images/house3/5.jpg, images/house3/6.jpg, images/house3/7.jpg, images/house3/8.jpg, images/house3/9.jpg, images/house3/10.jpg","{""bedrooms"": ""4 + 2"", ""bathrooms"": ""1"", ""property_type"": ""Townhouse"", ""building_type"": ""Condominium"", ""storeys"": 1, ""title"": ""Freehold"", ""land_size"": ""28 x 76 FT"", ""annual_property_taxes"": ""$10646.00"", ""total_parking_spaces"": 3, ""cooling"": ""Window Unit"", ""heating_type"": ""Forced air (Natural gas)"", ""utility_sewer"": ""Municipal sewage system"", ""water"": ""Municipal water"", ""exterior_finish"": ""Stone"", ""time_on_market"": ""18 days"", ""basement_features"": ""Separate entrance"", ""interior_features"": ""Central Vacuum, Dishwasher"", ""neighbourhood_amenities"": ""Schools, Transit""}"
58,"789 King Street E, Toronto, Ontario",1348,1128000,"images/house2/1.jpg, images/house2/2.jpg, images/house2/3.jpg, images/house2/4.jpg, images/house2/5.jpg, images/house2/6.jpg, images/house2/7.jpg, images/house2/8.jpg, images/house2/9.jpg, images/house2/10.jpg","{""bedrooms"": ""4 + 0"", ""bathrooms"": ""2"", ""property_type"": ""Townhouse"", ""building_type"": ""Townhouse"", ""storeys"": 3, ""title"": ""Condominium"", ""land_size"": ""19 x 106 FT"", ""annual_property_taxes"": ""$4179.00"", ""total_parking_spaces"": 0, ""cooling"": ""Window Unit"", ""heating_type"": ""Heat Pump"", ""utility_sewer"": ""Sanitary sewer"", ""water"": ""Municipal water"", ""exterior_finish"": ""Brick, Stone"", ""time_on_market"": ""83 days"", ""basement_features"": ""Separate entrance"", ""interior_features"": ""Hardwood, Ceramic, Laminate"", ""neighbourhood_amenities"": ""Shopping, Hospitals""}"
59,"560 Queen Street W, Toronto, Ontario",845,3895000,"images/house3/1.jpg, images/house3/2.jpg, images/house3/3.jpg, images/house3/4.jpg, images/house3/5.jpg, images/house3/6.jpg, images/house3/7.jpg, images/house3/8.jpg, images/house3/9.jpg, images/house3/10.jpg","{""bedrooms"": ""5 + 0"", ""bathrooms"": ""2"", ""property_type"": ""Townhouse"", ""building_type"": ""House"", ""storeys"": 3, ""title"": ""Condominium"", ""land_size"": ""22 x 110 FT"", ""annual_property_taxes"": ""$10855.00"", ""total_parking_spaces"": 1, ""cooling"": ""Window Unit"", ""heating_type"": ""Heat Pump"", ""utility_sewer"": ""Municipal sewage system"", ""water"": ""Municipal water"", ""exterior_finish"": ""Brick"", ""time_on_market"": ""50 days"", ""basement_features"": ""None"", ""interior_features"": ""Vinyl, Concrete"", ""neighbourhood_amenities"": ""Parks, Transit""}"
60,"721 Bathurst Street, Toronto, Ontario",1233,2261000,"images/house1/1.jpg, images/house1/2.jpg, images/house1/3.jpg, images/house1/4.jpg, images/house1/5.jpg, images/house1/6.jpg, images/house1/7.jpg, images/house1/8.jpg, images/house1/9.jpg, images/house1/10.jpg","{""bedrooms"": ""2 + 1"", ""bathrooms"": ""4"", ""property_type"": ""Single Family"", ""building_type"": ""Condominium"", ""storeys"": 2, ""title"": ""Condominium"", ""land_size"": ""21 x 85 FT"", ""annual_property_taxes"": ""$7455.00"", ""total_parking_spaces"": 0, ""cooling"": ""-"", ""heating_type"": ""Forced air (Natural gas)"", ""utility_sewer"": ""Municipal sewage system"", ""water"": ""Municipal water"", ""exterior_finish"": ""Brick, Stone"", ""time_on_market"": ""17 days"", ""basement_features"": ""-"", ""interior_features"": ""Hardwood, Ceramic, Laminate"", ""neighbourhood_amenities"": ""Parks, Transit""}"
61,"193 Bay Street, Toronto, Ontario",883,3049000,"images/house2/1.jpg, images/house2/2.jpg, images/house2/3.jpg, images/house2/4.jpg, images/house2/5.jpg, images/house2/6.jpg, images/house2/7.jpg, images/house2/8.jpg, images/house2/9.jpg, images/house2/10.jpg","{""bedrooms"": ""5 + 1"", ""bathrooms"": ""3"", ""property_type"": ""Single Family"", ""building_type"": ""House"", ""storeys"": 1, ""title"": ""Condominium"", ""land_size"": ""44 x 67 FT"", ""annual_property_taxes"": ""$7669.00"", ""total_parking_spaces"": 1, ""cooling"": ""Central air conditioning"", ""heating_type"": ""Heat Pump"", ""utility_sewer"": ""Sanitary sewer"", ""water"": ""Municipal water"", ""exterior_finish"": ""Brick"", ""time_on_market"": ""107 days"", ""basement_features"": ""Separate entrance"", ""interior_features"": ""Vinyl, Concrete"", ""neighbourhood_amenities"": ""Parks, Transit""}"
62,"192 Bathurst Street, Toronto, Ontario",2816,1851000,"images/house2/1.jpg, images/house2/2.jpg, images/house2/3.jpg, images/house2/4.jpg, images/house2/5.jpg, images/house2/6.jpg, images/house2/7.jpg, images/house2/8.jpg, images/house2/9.jpg, images/house2/10.jpg","{""bedrooms"": ""3 + 0"", ""bathrooms"": ""3"", ""property_type"": ""Condominium"", ""building_type"": ""House"", ""storeys"": 3, ""title"": ""Condominium"", ""land_size"": ""13 x 121 FT"", ""annual_property_taxes"": ""$14642.00"", ""total_parking_spaces"": 2, ""cooling"": ""Window Unit"", ""heating_type"": ""Heat Pump"", ""utility_sewer"": ""Sanitary sewer"", ""water"": ""Municipal water"", ""exterior_finish"": ""Brick"", ""time_on_market"": ""83 days"", ""basement_features"": ""Walk-out"", ""interior_features"": ""Central Vacuum, Dishwasher"", ""neighbourhood_amenities"": ""Schools, Transit""}"
63,"761 Church Street, Toronto, Ontario",1542,2713000,"images/house2/1.jpg, images/house2/2.jpg, images/house2/3.jpg, images/house2/4.jpg, images/house2/5.jpg, images/house2/6.jpg, images/house2/7.jpg, images/house2/8.jpg, images/house2/9.jpg, images/house2/10.jpg","{""bedrooms"": ""3 + 0"", ""bathrooms"": ""2"", ""property_type"": ""Townhouse"", ""building_type"": ""Townhouse"", ""storeys"": 3, ""title"": ""Freehold"", ""land_size"": ""49 x 123 FT"", ""annual_property_taxes"": ""$11157.00"", ""total_parking_spaces"": 4, ""cooling"": ""-"", ""heating_type"": ""Radiant Heat"", ""utility_sewer"": ""Sanitary sewer"", ""water"": ""Municipal water"", ""exterior_finish"": ""Brick, Stone"", ""time_on_market"": ""63 days"", ""basement_features"": ""-"", ""interior_features"": ""Central Vacuum, Dishwasher"", ""neighbourhood_amenities"": ""Shopping, Hospitals""}"
64,"401 Queen Street E, Toronto, Ontario",905,1788000,"images/house2/1.jpg, images/house2/2.jpg, images/house2/3.jpg, images/house2/4.jpg, images/house2/5.jpg, images/house2/6.jpg, images/house2/7.jpg, images/house2/8.jpg, images/house2/9.jpg, images/house2/10.jpg","{""bedrooms"": ""2 + 0"", ""bathrooms"": ""2"", ""property_type"": ""Single Family"", ""building_type"": ""House"", ""storeys"": 3, ""title"": ""Condominium"", ""land_size"": ""19 x 148 FT"", ""annual_property_taxes"": ""$14638.00"", ""total_parking_spaces"": 4, ""cooling"": ""-"", ""heating_type"": ""Radiant Heat"", ""utility_sewer"": ""Municipal sewage system"", ""water"": ""Municipal water"", ""exterior_finish"": ""Stone"", ""time_on_market"": ""46 days"", ""basement_features"": ""-"", ""interior_features"": ""Central Vacuum, Dishwasher"", ""neighbourhood_amenities"": ""Shopping, Hospitals""}"
65,"349 Queen Street W, Toronto, Ontario",2074,2017000,"images/house3/1.jpg, images/house3/2.jpg, images/house3/3.jpg, images/house3/4.jpg, images/house3/5.jpg, images/house3/6.jpg, images/house3/7.jpg, images/house3/8.jpg, images/house3/9.jpg, images/house3/10.jpg","{""bedrooms"": ""2 + 0"", ""bathrooms"": ""3"", ""property_type"": ""Townhouse"", ""building_type"": ""House"", ""storeys"": 1, ""title"": ""Freehold"", ""land_size"": ""43 x 127 FT"", ""annual_property_taxes"": ""$6413.00"", ""total_parking_spaces"": 4, ""cooling"": ""-"", ""heating_type"": ""Heat Pump"", ""utility_sewer"": ""Municipal sewage system"", ""water"": ""Municipal water"", ""exterior_finish"": ""Brick"", ""time_on_market"": ""119 days"", ""basement_features"": ""-"", ""interior_features"": ""Vinyl, Concrete"", ""neighbourhood_amenities"": ""Schools, Transit""}"
66,"180 Dundas Street W, Toronto, Ontario",2727,2061000,"images/house2/1.jpg, images/house2/2.jpg, images/house2/3.jpg, images/house2/4.jpg, images/house2/5.jpg, images/house2/6.jpg, images/house2/7.jpg, images/house2/8.jpg, images/house2/9.jpg, images/house2/10.jpg","{""bedrooms"": ""5 + 2"", ""bathrooms"": ""1"", ""property_type"": ""Townhouse"", ""building_type"": ""House"", ""storeys"": 3, ""title"": ""Condominium"", ""land_size"": ""35 x 127 FT"", ""annual_property_taxes"": ""$14179.00"", ""total_parking_spaces"": 0, ""cooling"": ""Central air conditioning"", ""heating_type"": ""Radiant Heat"", ""utility_sewer"": ""Municipal sewage system"", ""water"": ""Municipal water"", ""exterior_finish"": ""Stone"", ""time_on_market"": ""13 days"", ""basement_features"": ""Walk-out"", ""interior_features"": ""Hardwood, Ceramic, Laminate"", ""neighbourhood_amenities"": ""Parks, Transit""}"
67,"606 King Street E, Toronto, Ontario",1722,1048000,"images/house1/1.jpg, images/house1/2.jpg, images/house1/3.jpg, images/house1/4.jpg, images/house1/5.jpg, images/house1/6.jpg, images/house1/7.jpg, images/house1/8.jpg, images/house1/9.jpg, images/house1/10.jpg","{""bedrooms"": ""5 + 2"", ""bathrooms"": ""4"", ""property_type"": ""Single Family"", ""building_type"": ""Condominium"", ""storeys"": 3, ""title"": ""Freehold"", ""land_size"": ""42 x 110 FT"", ""annual_property_taxes"": ""$9181.00"", ""total_parking_spaces"": 3, ""cooling"": ""Window Unit"", ""heating_type"": ""Heat Pump"", ""utility_sewer"": ""Sanitary sewer"", ""water"": ""Municipal water"", ""exterior_finish"": ""Brick"", ""time_on_market"": ""108 days"", ""basement_features"": ""None"", ""interior_features"": ""Hardwood, Ceramic, Laminate"", ""neighbourhood_amenities"": ""Shopping, Hospitals""}"
68,"660 Yonge Street, Toronto, Ontario",2155,2679000,"images/house3/1.jpg, images/house3/2.jpg, images/house3/3.jpg, images/house3/4.jpg, images/house3/5.jpg, images/house3/6.jpg, images/house3/7.jpg, images/house3/8.jpg, images/house3/9.jpg, images/house3/10.jpg","{""bedrooms"": ""3 + 0"", ""bathrooms"": ""3"", ""property_type"": ""Condominium"", ""building_type"": ""House"", ""storeys"": 2, ""title"": ""Freehold"", ""land_size"": ""44 x 87 FT"", ""annual_property_taxes"": ""$11407.00"", ""total_parking_spaces"": 0, ""cooling"": ""-"", ""heating_type"": ""Heat Pump"", ""utility_sewer"": ""Sanitary sewer"", ""water"": ""Municipal water"", ""exterior_finish"": ""Brick"", ""time_on_market"": ""92 days"", ""basement_features"": ""Walk-out"", ""interior_features"": ""Central Vacuum, Dishwasher"", ""neighbourhood_amenities"": ""Shopping, Hospitals""}"
69,"389 Dundas Street W, Toronto, Ontario",2516,3005000,"images/house3/1.jpg, images/house3/2.jpg, images/house3/3.jpg, images/house3/4.jpg, images/house3/5.jpg, images/house3/6.jpg, images/house3/7.jpg, images/house3/8.jpg, images/house3/9.jpg, images/house3/10.jpg","{""bedrooms"": ""3 + 0"", ""bathrooms"": ""2"", ""property_type"": ""Townhouse"", ""building_type"": ""House"", ""storeys"": 3, ""title"": ""Freehold"", ""land_size"": ""27 x 68 FT"", ""annual_property_taxes"": ""$9321.00"", ""total_parking_spaces"": 2, ""cooling"": ""Window Unit"", ""heating_type"": ""Radiant Heat"", ""utility_sewer"": ""Sanitary sewer"", ""water"": ""Municipal water"", ""exterior_finish"": ""Brick"", ""time_on_market"": ""27 days"", ""basement_features"": ""None"", ""interior_features"": ""Hardwood, Ceramic, Laminate"", ""neighbourhood_amenities"": ""Parks, Transit""}"
70,"676 Queen Street W, Toronto, Ontario",744,2674000,"images/house2/1.jpg, images/house2/2.jpg, images/house2/3.jpg, images/house2/4.jpg, images/house2/5.jpg, images/house2/6.jpg, images/house2/7.jpg, images/house2/8.jpg, images/house2/9.jpg, images/house2/10.jpg","{""bedrooms"": ""4 + 2"", ""bathrooms"": ""2"", ""property_type"": ""Single Family"", ""building_type"": ""Condominium"", ""storeys"": 3, ""title"": ""Condominium"", ""land_size"": ""17 x 132 FT"", ""annual_property_taxes"": ""$12317.00"", ""total_parking_spaces"": 4, ""cooling"": ""-"", ""heating_type"": ""Forced air (Natural gas)"", ""utility_sewer"": ""Municipal sewage system"", ""water"": ""Municipal water"", ""exterior_finish"": ""Stone"", ""time_on_market"": ""83 days"", ""basement_features"": ""Walk-out"", ""interior_features"": ""Hardwood, Ceramic, Laminate"", ""neighbourhood_amenities"": ""Shopping, Hospitals""}"
71,"338 Queen Street W, Toronto, Ontario",2981,3465000,"images/house1/1.jpg, images/house1/2.jpg, images/house1/3.jpg, images/house1/4.jpg, images/house1/5.jpg, images/house1/6.jpg, images/house1/7.jpg, images/house1/8.jpg, images/house1/9.jpg, images/house1/10.jpg","{""bedrooms"": ""2 + 1"", ""bathrooms"": ""4"", ""property_type"": ""Condominium"", ""building_type"": ""House"", ""storeys"": 2, ""title"": ""Freehold"", ""land_size"": ""16 x 111 FT"", ""annual_property_taxes"": ""$14412.00"", ""total_parking_spaces"": 0, ""cooling"": ""Window Unit"", ""heating_type"": ""Forced air (Natural gas)"", ""utility_sewer"": ""Municipal sewage system"", ""water"": ""Municipal water"", ""exterior_finish"": ""Stone"", ""time_on_market"": ""37 days"", ""basement_features"": ""Separate entrance"", ""interior_features"": ""Vinyl, Concrete"", ""neighbourhood_amenities"": ""Schools, Transit""}"
72,"604 King Street W, Toronto, Ontario",1123,1931000,"images/house3/1.jpg, images/house3/2.jpg, images/house3/3.jpg, images/house3/4.jpg, images/house3/5.jpg, images/house3/6.jpg, images/house3/7.jpg, images/house3/8.jpg, images/house3/9.jpg, images/house3/10.jpg","{""bedrooms"": ""2 + 2"", ""bathrooms"": ""2"", ""property_type"": ""Single Family"", ""building_type"": ""Townhouse"", ""storeys"": 2, ""title"": ""Freehold"", ""land_size"": ""44 x 68 FT"", ""annual_property_taxes"": ""$13534.00"", ""total_parking_spaces"": 0, ""cooling"": ""Central air conditioning"", ""heating_type"": ""Heat Pump"", ""utility_sewer"": ""Sanitary sewer"", ""water"": ""Municipal water"", ""exterior_finish"": ""Brick, Stone"", ""time_on_market"": ""62 days"", ""basement_features"": ""-"", ""interior_features"": ""Hardwood, Ceramic, Laminate"", ""neighbourhood_amenities"": ""Schools, Transit""}"
73,"237 Bay Street, Toronto, Ontario",2280,3361000,"images/house2/1.jpg, images/house2/2.jpg, images/house2/3.jpg, images/house2/4.jpg, images/house2/5.jpg, images/house2/6.jpg, images/house2/7.jpg, images/house2/8.jpg, images/house2/9.jpg, images/house2/10.jpg","{""bedrooms"": ""5 + 0"", ""bathrooms"": ""2"", ""property_type"": ""Townhouse"", ""building_type"": ""House"", ""storeys"": 3, ""title"": ""Condominium"", ""land_size"": ""39 x 63 FT"", ""annual_property_taxes"": ""$9642.00"", ""total_parking_spaces"": 1, ""cooling"": ""Window Unit"", ""heating_type"": ""Radiant Heat"", ""utility_sewer"": ""Sanitary sewer"", ""water"": ""Municipal water"", ""exterior_finish"": ""Stone"", ""time_on_market"": ""72 days"", ""basement_features"": ""Separate entrance"", ""interior_features"": ""Hardwood, Ceramic, Laminate"", ""neighbourhood_amenities"": ""Shopping, Hospitals""}"
74,"7 Bathurst Street, Toronto, Ontario",2609,2705000,"images/house2/1.jpg, images/house2/2.jpg, images/house2/3.jpg, images/house2/4.jpg, images/house2/5.jpg, images/house2/6.jpg, images/house2/7.jpg, images/house2/8.jpg, images/house2/9.jpg, images/house2/10.jpg","{""bedrooms"": ""3 + 2"", ""bathrooms"": ""3"", ""property_type"": ""Single Family"", ""building_type"": ""Condominium"", ""storeys"": 1, ""title"": ""Freehold"", ""land_size"": ""28 x 73 FT"", ""annual_property_taxes"": ""$14665.00"", ""total_parking_spaces"": 4, ""cooling"": ""-"", ""heating_type"": ""Heat Pump"", ""utility_sewer"": ""Sanitary sewer"", ""water"": ""Municipal water"", ""exterior_finish"": ""Stone"", ""time_on_market"": ""85 days"", ""basement_features"": ""Walk-out"", ""interior_features"": ""Hardwood, Ceramic, Laminate"", ""neighbourhood_amenities"": ""Schools, Transit""}"
75,"947 Queen Street E, Toronto, Ontario",717,2251000,"images/house3/1.jpg, images/house3/2.jpg, images/house3/3.jpg, images/house3/4.jpg, images/house3/5.jpg, images/house3/6.jpg, images/house3/7.jpg, images/house3/8.jpg, images/house3/9.jpg, images/house3/10.jpg","{""bedrooms"": ""5 + 0"", ""bathrooms"": ""4"", ""property_type"": ""Single Family"", ""building_type"": ""House"", ""storeys"": 1, ""title"": ""Freehold"", ""land_size"": ""49 x 143 FT"", ""annual_property_taxes"": ""$6889.00"", ""total_parking_spaces"": 0, ""cooling"": ""Window Unit"", ""heating_type"": ""Forced air (Natural gas)"", ""utility_sewer"": ""Sanitary sewer"", ""water"": ""Municipal water"", ""exterior_finish"": ""Brick, Stone"", ""time_on_market"": ""75 days"", ""basement_features"": ""Walk-out"", ""interior_features"": ""Vinyl, Concrete"", ""neighbourhood_amenities"": ""Shopping, Hospitals""}"
76,"832 Bay Street, Toronto, Ontario",2264,1827000,"images/house3/1.jpg, images/house3/2.jpg, images/house3/3.jpg, images/house3/4.jpg, images/house3/5.jpg, images/house3/6.jpg, images/house3/7.jpg, images/house3/8.jpg, images/house3/9.jpg, images/house3/10.jpg","{""bedrooms"": ""5 + 2"", ""bathrooms"": ""1"", ""property_type"": ""Single Family"", ""building_type"": ""House"", ""storeys"": 1, ""title"": ""Freehold"", ""land_size"": ""10 x 150 FT"", ""annual_property_taxes"": ""$7535.00"", ""total_parking_spaces"": 3, ""cooling"": ""Central air conditioning"", ""heating_type"": ""Radiant Heat"", ""utility_sewer"": ""Municipal sewage system"", ""water"": ""Municipal water"", ""exterior_finish"": ""Stone"", ""time_on_market"": ""54 days"", ""basement_features"": ""Separate entrance"", ""interior_features"": ""Hardwood, Ceramic, Laminate"", ""neighbourhood_amenities"": ""Parks, Transit""}"
77,"39 Church Street, Toronto, Ontario",2624,2116000,"images/house3/1.jpg, images/house3/2.jpg, images/house3/3.jpg, images/house3/4.jpg, images/house3/5.jpg, images/house3/6.jpg, images/house3/7.jpg, images/house3/8.jpg, images/house3/9.jpg, images/house3/10.jpg","{""bedrooms"": ""5 + 2"", ""bathrooms"": ""1"", ""property_type"": ""Townhouse"", ""building_type"": ""Condominium"", ""storeys"": 1, ""title"": ""Freehold"", ""land_size"": ""37 x 136 FT"", ""annual_property_taxes"": ""$10239.00"", ""total_parking_spaces"": 0, ""cooling"": ""Central air conditioning"", ""heating_type"": ""Heat Pump"", ""utility_sewer"": ""Sanitary sewer"", ""water"": ""Municipal water"", ""exterior_finish"": ""Brick"", ""time_on_market"": ""69 days"", ""basement_features"": ""None"", ""interior_features"": ""Vinyl, Concrete"", ""neighbourhood_amenities"": ""Parks, Transit""}"
78,"263 Queen Street W, Toronto, Ontario",1000,3840000,"images/house2/1.jpg, images/house2/2.jpg, images/house2/3.jpg, images/house2/4.jpg, images/house2/5.jpg, images/house2/6.jpg, images/house2/7.jpg, images/house2/8.jpg, images/house2/9.jpg, images/house2/10.jpg","{""bedrooms"": ""3 + 0"", ""bathrooms"": ""4"", ""property_type"": ""Single Family"", ""building_type"": ""Condominium"", ""storeys"": 2, ""title"": ""Condominium"", ""land_size"": ""48 x 122 FT"", ""annual_property_taxes"": ""$2030.00"", ""total_parking_spaces"": 1, ""cooling"": ""Window Unit"", ""heating_type"": ""Radiant Heat"", ""utility_sewer"": ""Sanitary sewer"", ""water"": ""Municipal water"", ""exterior_finish"": ""Brick, Stone"", ""time_on_market"": ""57 days"", ""basement_features"": ""Walk-out"", ""interior_features"": ""Hardwood, Ceramic, Laminate"", ""neighbourhood_amenities"": ""Parks, Transit""}"
79,"676 Bay Street, Toronto, Ontario",2358,3249000,"images/house3/1.jpg, images/house3/2.jpg, images/house3/3.jpg, images/house3/4.jpg, images/house3/5.jpg, images/house3/6.jpg, images/house3/7.jpg, images/house3/8.jpg, images/house3/9.jpg, images/house3/10.jpg","{""bedrooms"": ""2 + 0"", ""bathrooms"": ""2"", ""property_type"": ""Townhouse"", ""building_type"": ""House"", ""storeys"": 3, ""title"": ""Condominium"", ""land_size"": ""20 x 66 FT"", ""annual_property_taxes"": ""$10826.00"", ""total_parking_spaces"": 1, ""cooling"": ""-"", ""heating_type"": ""Radiant Heat"", ""utility_sewer"": ""Municipal sewage system"", ""water"": ""Municipal water"", ""exterior_finish"": ""Brick"", ""time_on_market"": ""48 days"", ""basement_features"": ""None"", ""interior_features"": ""Hardwood, Ceramic, Laminate"", ""neighbourhood_amenities"": ""Shopping, Hospitals""}"
80,"614 Church Street, Toronto, Ontario",1272,3439000,"images/house3/1.jpg, images/house3/2.jpg, images/house3/3.jpg, images/house3/4.jpg, images/house3/5.jpg, images/house3/6.jpg, images/house3/7.jpg, images/house3/8.jpg, images/house3/9.jpg, images/house3/10.jpg","{""bedrooms"": ""2 + 0"", ""bathrooms"": ""1"", ""property_type"": ""Condominium"", ""building_type"": ""Townhouse"", ""storeys"": 2, ""title"": ""Condominium"", ""land_size"": ""33 x 143 FT"", ""annual_property_taxes"": ""$13579.00"", ""total_parking_spaces"": 2, ""cooling"": ""-"", ""heating_type"": ""Radiant Heat"", ""utility_sewer"": ""Sanitary sewer"", ""water"": ""Municipal water"", ""exterior_finish"": ""Brick"", ""time_on_market"": ""70 days"", ""basement_features"": ""Separate entrance"", ""interior_features"": ""Hardwood, Ceramic, Laminate"", ""neighbourhood_amenities"": ""Shopping, Hospitals""}"
81,"516 Dundas Street W, Toronto, Ontario",1752,2693000,"images/house3/1.jpg, images/house3/2.jpg, images/house3/3.jpg, images/house3/4.jpg, images/house3/5.jpg, images/house3/6.jpg, images/house3/7.jpg, images/house3/8.jpg, images/house3/9.jpg, images/house3/10.jpg","{""bedrooms"": ""3 + 0"", ""bathrooms"": ""2"", ""property_type"": ""Condominium"", ""building_type"": ""House"", ""storeys"": 3, ""title"": ""Freehold"", ""land_size"": ""22 x 145 FT"", ""annual_property_taxes"": ""$3241.00"", ""total_parking_spaces"": 3, ""cooling"": ""-"", ""heating_type"": ""Forced air (Natural gas)"", ""utility_sewer"": ""Municipal sewage system"", ""water"": ""Municipal water"", ""exterior_finish"": ""Brick, Stone"", ""time_on_market"": ""33 days"", ""basement_features"": ""Walk-out"", ""interior_features"": ""Vinyl, Concrete"", ""neighbourhood_amenities"": ""Schools, Transit""}"
82,"387 Queen Street W, Toronto, Ontario",1443,2229000,"images/house3/1.jpg, images/house3/2.jpg, images/house3/3.jpg, images/house3/4.jpg, images/house3/5.jpg, images/house3/6.jpg, images/house3/7.jpg, images/house3/8.jpg, images/house3/9.jpg, images/house3/10.jpg","{""bedrooms"": ""4 + 2"", ""bathrooms"": ""4"", ""property_type"": ""Townhouse"", ""building_type"": ""Condominium"", ""storeys"": 1, ""title"": ""Condominium"", ""land_size"": ""37 x 81 FT"", ""annual_property_taxes"": ""$5453.00"", ""total_parking_spaces"": 2, ""cooling"": ""Window Unit"", ""heating_type"": ""Heat Pump"", ""utility_sewer"": ""Sanitary sewer"", ""water"": ""Municipal water"", ""exterior_finish"": ""Brick"", ""time_on_market"": ""36 days"", ""basement_features"": ""-"", ""interior_features"": ""Vinyl, Concrete"", ""neighbourhood_amenities"": ""Shopping, Hospitals""}"
83,"671 Dundas Street E, Toronto, Ontario",993,3368000,"images/house1/1.jpg, images/house1/2.jpg, images/house1/3.jpg, images/house1/4.jpg, images/house1/5.jpg, images/house1/6.jpg, images/house1/7.jpg, images/house1/8.jpg, images/house1/9.jpg, images/house1/10.jpg","{""bedrooms"": ""3 + 2"", ""bathrooms"": ""3"", ""property_type"": ""Townhouse"", ""building_type"": ""Townhouse"", ""storeys"": 1, ""title"": ""Freehold"", ""land_size"": ""26 x 60 FT"", ""annual_property_taxes"": ""$3426.00"", ""total_parking_spaces"": 4, ""cooling"": ""Central air conditioning"", ""heating_type"": ""Heat Pump"", ""utility_sewer"": ""Sanitary sewer"", ""water"": ""Municipal water"", ""exterior_finish"": ""Stone"", ""time_on_market"": ""37 days"", ""basement_features"": ""-"", ""interior_features"": ""Vinyl, Concrete"", ""neighbourhood_amenities"": ""Schools, Transit""}"
84,"558 Bay Street, Toronto, Ontario",2186,699000,"images/house3/1.jpg, images/house3/2.jpg, images/house3/3.jpg, images/house3/4.jpg, images/house3/5.jpg, images/house3/6.jpg, images/house3/7.jpg, images/house3/8.jpg, images/house3/9.jpg, images/house3/10.jpg","{""bedrooms"": ""4 + 2"", ""bathrooms"": ""2"", ""property_type"": ""Single Family"", ""building_type"": ""Townhouse"", ""storeys"": 3, ""title"": ""Condominium"", ""land_size"": ""49 x 139 FT"", ""annual_property_taxes"": ""$2510.00"", ""total_parking_spaces"": 3, ""cooling"": ""-"", ""heating_type"": ""Heat Pump"", ""utility_sewer"": ""Municipal sewage system"", ""water"": ""Municipal water"", ""exterior_finish"": ""Stone"", ""time_on_market"": ""56 days"", ""basement_features"": ""Separate entrance"", ""interior_features"": ""Hardwood, Ceramic, Laminate"", ""neighbourhood_amenities"": ""Shopping, Hospitals""}"
85,"966 King Street W, Toronto, Ontario",2256,2313000,"images/house2/1.jpg, images/house2/2.jpg, images/house2/3.jpg, images/house2/4.jpg, images/house2/5.jpg, images/house2/6.jpg, images/house2/7.jpg, images/house2/8.jpg, images/house2/9.jpg, images/house2/10.jpg","{""bedrooms"": ""4 + 2"", ""bathrooms"": ""3"", ""property_type"": ""Townhouse"", ""building_type"": ""House"", ""storeys"": 1, ""title"": ""Freehold"", ""land_size"": ""34 x 84 FT"", ""annual_property_taxes"": ""$12569.00"", ""total_parking_spaces"": 1, ""cooling"": ""-"", ""heating_type"": ""Radiant Heat"", ""utility_sewer"": ""Municipal sewage system"", ""water"": ""Municipal water"", ""exterior_finish"": ""Brick"", ""time_on_market"": ""70 days"", ""basement_features"": ""-"", ""interior_features"": ""Central Vacuum, Dishwasher"", ""neighbourhood_amenities"": ""Shopping, Hospitals""}"
86,"258 Bay Street, Toronto, Ontario",1655,423000,"images/house2/1.jpg, images/house2/2.jpg, images/house2/3.jpg, images/house2/4.jpg, images/house2/5.jpg, images/house2/6.jpg, images/house2/7.jpg, images/house2/8.jpg, images/house2/9.jpg, images/house2/10.jpg","{""bedrooms"": ""2 + 2"", ""bathrooms"": ""2"", ""property_type"": ""Single Family"", ""building_type"": ""Townhouse"", ""storeys"": 3, ""title"": ""Freehold"", ""land_size"": ""42 x 140 FT"", ""annual_property_taxes"": ""$3930.00"", ""total_parking_spaces"": 2, ""cooling"": ""-"", ""heating_type"": ""Heat Pump"", ""utility_sewer"": ""Sanitary sewer"", ""water"": ""Municipal water"", ""exterior_finish"": ""Brick, Stone"", ""time_on_market"": ""77 days"", ""basement_features"": ""-"", ""interior_features"": ""Central Vacuum, Dishwasher"", ""neighbourhood_amenities"": ""Parks, Transit""}"
87,"295 Dundas Street W, Toronto, Ontario",618,3520000,"images/house2/1.jpg, images/house2/2.jpg, images/house2/3.jpg, images/house2/4.jpg, images/house2/5.jpg, images/house2/6.jpg, images/house2/7.jpg, images/house2/8.jpg, images/house2/9.jpg, images/house2/10.jpg","{""bedrooms"": ""5 + 2"", ""bathrooms"": ""4"", ""property_type"": ""Condominium"", ""building_type"": ""Condominium"", ""storeys"": 3, ""title"": ""Freehold"", ""land_size"": ""23 x 115 FT"", ""annual_property_taxes"": ""$3652.00"", ""total_parking_spaces"": 2, ""cooling"": ""Central air conditioning"", ""heating_type"": ""Heat Pump"", ""utility_sewer"": ""Municipal sewage system"", ""water"": ""Municipal water"", ""exterior_finish"": ""Stone"", ""time_on_market"": ""36 days"", ""basement_features"": ""None"", ""interior_features"": ""Vinyl, Concrete"", ""neighbourhood_amenities"": ""Schools, Transit""}"
88,"566 King Street E, Toronto, Ontario",1344,1627000,"images/house3/1.jpg, images/house3/2.jpg, images/house3/3.jpg, images/house3/4.jpg, images/house3/5.jpg, images/house3/6.jpg, images/house3/7.jpg, images/house3/8.jpg, images/house3/9.jpg, images/house3/10.jpg","{""bedrooms"": ""5 + 0"", ""bathrooms"": ""1"", ""property_type"": ""Condominium"", ""building_type"": ""House"", ""storeys"": 3, ""title"": ""Freehold"", ""land_size"": ""31 x 134 FT"", ""annual_property_taxes"": ""$4035.00"", ""total_parking_spaces"": 0, ""cooling"": ""Central air conditioning"", ""heating_type"": ""Radiant Heat"", ""utility_sewer"": ""Sanitary sewer"", ""water"": ""Municipal water"", ""exterior_finish"": ""Brick, Stone"", ""time_on_market"": ""39 days"", ""basement_features"": ""-"", ""interior_features"": ""Hardwood, Ceramic, Laminate"", ""neighbourhood_amenities"": ""Schools, Transit""}"
89,"97 King Street W, Toronto, Ontario",2248,2899000,"images/house2/1.jpg, images/house2/2.jpg, images/house2/3.jpg, images/house2/4.jpg, images/house2/5.jpg, images/house2/6.jpg, images/house2/7.jpg, images/house2/8.jpg, images/house2/9.jpg, images/house2/10.jpg","{""bedrooms"": ""5 + 1"", ""bathrooms"": ""4"", ""property_type"": ""Condominium"", ""building_type"": ""House"", ""storeys"": 2, ""title"": ""Condominium"", ""land_size"": ""23 x 81 FT"", ""annual_property_taxes"": ""$5270.00"", ""total_parking_spaces"": 1, ""cooling"": ""-"", ""heating_type"": ""Forced air (Natural gas)"", ""utility_sewer"": ""Sanitary sewer"", ""water"": ""Municipal water"", ""exterior_finish"": ""Brick"", ""time_on_market"": ""41 days"", ""basement_features"": ""None"", ""interior_features"": ""Hardwood, Ceramic, Laminate"", ""neighbourhood_amenities"": ""Parks, Transit""}"
90,"353 King Street W, Toronto, Ontario",2382,3757000,"images/house2/1.jpg, images/house2/2.jpg, images/house2/3.jpg, images/house2/4.jpg, images/house2/5.jpg, images/house2/6.jpg, images/house2/7.jpg, images/house2/8.jpg, images/house2/9.jpg, images/house2/10.jpg","{""bedrooms"": ""2 + 0"", ""bathrooms"": ""3"", ""property_type"": ""Single Family"", ""building_type"": ""House"", ""storeys"": 1, ""title"": ""Condominium"", ""land_size"": ""17 x 70 FT"", ""annual_property_taxes"": ""$3931.00"", ""total_parking_spaces"": 3, ""cooling"": ""-"", ""heating_type"": ""Heat Pump"", ""utility_sewer"": ""Sanitary sewer"", ""water"": ""Municipal water"", ""exterior_finish"": ""Stone"", ""time_on_market"": ""58 days"", ""basement_features"": ""-"", ""interior_features"": ""Vinyl, Concrete"", ""neighbourhood_amenities"": ""Schools, Transit""}"
91,"7 King Street E, Toronto, Ontario",2649,1516000,"images/house3/1.jpg, images/house3/2.jpg, images/house3/3.jpg, images/house3/4.jpg, images/house3/5.jpg, images/house3/6.jpg, images/house3/7.jpg, images/house3/8.jpg, images/house3/9.jpg, images/house3/10.jpg","{""bedrooms"": ""3 + 0"", ""bathrooms"": ""1"", ""property_type"": ""Townhouse"", ""building_type"": ""Townhouse"", ""storeys"": 3, ""title"": ""Freehold"", ""land_size"": ""46 x 61 FT"", ""annual_property_taxes"": ""$11295.00"", ""total_parking_spaces"": 3, ""cooling"": ""Central air conditioning"", ""heating_type"": ""Forced air (Natural gas)"", ""utility_sewer"": ""Sanitary sewer"", ""water"": ""Municipal water"", ""exterior_finish"": ""Stone"", ""time_on_market"": ""90 days"", ""basement_features"": ""Separate entrance"", ""interior_features"": ""Central Vacuum, Dishwasher"", ""neighbourhood_amenities"": ""Shopping, Hospitals""}"
92,"158 Church Street, Toronto, Ontario",2908,671000,"images/house1/1.jpg, images/house1/2.jpg, images/house1/3.jpg, images/house1/4.jpg, images/house1/5.jpg, images/house1/6.jpg, images/house1/7.jpg, images/house1/8.jpg, images/house1/9.jpg, images/house1/10.jpg","{""bedrooms"": ""4 + 2"", ""bathrooms"": ""2"", ""property_type"": ""Single Family"", ""building_type"": ""Townhouse"", ""storeys"": 3, ""title"": ""Freehold"", ""land_size"": ""15 x 80 FT"", ""annual_property_taxes"": ""$13898.00"", ""total_parking_spaces"": 3, ""cooling"": ""Central air conditioning"", ""heating_type"": ""Heat Pump"", ""utility_sewer"": ""Municipal sewage system"", ""water"": ""Municipal water"", ""exterior_finish"": ""Brick, Stone"", ""time_on_market"": ""17 days"", ""basement_features"": ""Separate entrance"", ""interior_features"": ""Vinyl, Concrete"", ""neighbourhood_amenities"": ""Shopping, Hospitals""}"
93,"510 Yonge Street, Toronto, Ontario",2512,1114000,"images/house1/1.jpg, images/house1/2.jpg, images/house1/3.jpg, images/house1/4.jpg, images/house1/5.jpg, images/house1/6.jpg, images/house1/7.jpg, images/house1/8.jpg, images/house1/9.jpg, images/house1/10.jpg","{""bedrooms"": ""2 + 2"", ""bathrooms"": ""4"", ""property_type"": ""Single Family"", ""building_type"": ""Townhouse"", ""storeys"": 3, ""title"": ""Freehold"", ""land_size"": ""22 x 114 FT"", ""annual_property_taxes"": ""$4158.00"", ""total_parking_spaces"": 3, ""cooling"": ""-"", ""heating_type"": ""Heat Pump"", ""utility_sewer"": ""Municipal sewage system"", ""water"": ""Municipal water"", ""exterior_finish"": ""Brick, Stone"", ""time_on_market"": ""40 days"", ""basement_features"": ""Separate entrance"", ""interior_features"": ""Vinyl, Concrete"", ""neighbourhood_amenities"": ""Schools, Transit""}"
94,"878 Bathurst Street, Toronto, Ontario",1901,1203000,"images/house3/1.jpg, images/house3/2.jpg, images/house3/3.jpg, images/house3/4.jpg, images/house3/5.jpg, images/house3/6.jpg, images/house3/7.jpg, images/house3/8.jpg, images/house3/9.jpg, images/house3/10.jpg","{""bedrooms"": ""2 + 2"", ""bathrooms"": ""3"", ""property_type"": ""Townhouse"", ""building_type"": ""Townhouse"", ""storeys"": 3, ""title"": ""Freehold"", ""land_size"": ""10 x 95 FT"", ""annual_property_taxes"": ""$3807.00"", ""total_parking_spaces"": 0, ""cooling"": ""Window Unit"", ""heating_type"": ""Forced air (Natural gas)"", ""utility_sewer"": ""Sanitary sewer"", ""water"": ""Municipal water"", ""exterior_finish"": ""Brick"", ""time_on_market"": ""7 days"", ""basement_features"": ""-"", ""interior_features"": ""Central Vacuum, Dishwasher"", ""neighbourhood_amenities"": ""Shopping, Hospitals""}"
95,"917 Dundas Street W, Toronto, Ontario",2301,907000,"images/house3/1.jpg, images/house3/2.jpg, images/house3/3.jpg, images/house3/4.jpg, images/house3/5.jpg, images/house3/6.jpg, images/house3/7.jpg, images/house3/8.jpg, images/house3/9.jpg, images/house3/10.jpg","{""bedrooms"": ""3 + 2"", ""bathrooms"": ""1"", ""property_type"": ""Single Family"", ""building_type"": ""Townhouse"", ""storeys"": 3, ""title"": ""Freehold"", ""land_size"": ""31 x 90 FT"", ""annual_property_taxes"": ""$10036.00"", ""total_parking_spaces"": 3, ""cooling"": ""-"", ""heating_type"": ""Forced air (Natural gas)"", ""utility_sewer"": ""Municipal sewage system"", ""water"": ""Municipal water"", ""exterior_finish"": ""Brick"", ""time_on_market"": ""51 days"", ""basement_features"": ""None"", ""interior_features"": ""Hardwood, Ceramic, Laminate"", ""neighbourhood_amenities"": ""Shopping, Hospitals""}"
96,"825 Bay Street, Toronto, Ontario",1798,708000,"images/house1/1.jpg, images/house1/2.jpg, images/house1/3.jpg, images/house1/4.jpg, images/house1/5.jpg, images/house1/6.jpg, images/house1/7.jpg, images/house1/8.jpg, images/house1/9.jpg, images/house1/10.jpg","{""bedrooms"": ""5 + 1"", ""bathrooms"": ""1"", ""property_type"": ""Single Family"", ""building_type"": ""Condominium"", ""storeys"": 3, ""title"": ""Condominium"", ""land_size"": ""45 x 92 FT"", ""annual_property_taxes"": ""$4187.00"", ""total_parking_spaces"": 3, ""cooling"": ""-"", ""heating_type"": ""Radiant Heat"", ""utility_sewer"": ""Sanitary sewer"", ""water"": ""Municipal water"", ""exterior_finish"": ""Stone"", ""time_on_market"": ""75 days"", ""basement_features"": ""None"", ""interior_features"": ""Central Vacuum, Dishwasher"", ""neighbourhood_amenities"": ""Schools, Transit""}"
97,"784 King Street E, Toronto, Ontario",808,698000,"images/house2/1.jpg, images/house2/2.jpg, images/house2/3.jpg, images/house2/4.jpg, images/house2/5.jpg, images/house2/6.jpg, images/house2/7.jpg, images/house2/8.jpg, images/house2/9.jpg, images/house2/10.jpg","{""bedrooms"": ""2 + 2"", ""bathrooms"": ""4"", ""property_type"": ""Condominium"", ""building_type"": ""Condominium"", ""storeys"": 2, ""title"": ""Freehold"", ""land_size"": ""28 x 150 FT"", ""annual_property_taxes"": ""$3248.00"", ""total_parking_spaces"": 2, ""cooling"": ""Central air conditioning"", ""heating_type"": ""Forced air (Natural gas)"", ""utility_sewer"": ""Sanitary sewer"", ""water"": ""Municipal water"", ""exterior_finish"": ""Brick, Stone"", ""time_on_market"": ""75 days"", ""basement_features"": ""-"", ""interior_features"": ""Central Vacuum, Dishwasher"", ""neighbourhood_amenities"": ""Parks, Transit""}"
98,"839 Bay Street, Toronto, Ontario",1079,2398000,"images/house2/1.jpg, images/house2/2.jpg, images/house2/3.jpg, images/house2/4.jpg, images/house2/5.jpg, images/house2/6.jpg, images/house2/7.jpg, images/house2/8.jpg, images/house2/9.jpg, images/house2/10.jpg","{""bedrooms"": ""3 + 1"", ""bathrooms"": ""3"", ""property_type"": ""Condominium"", ""building_type"": ""Condominium"", ""storeys"": 2, ""title"": ""Condominium"", ""land_size"": ""50 x 94 FT"", ""annual_property_taxes"": ""$12337.00"", ""total_parking_spaces"": 1, ""cooling"": ""Window Unit"", ""heating_type"": ""Radiant Heat"", ""utility_sewer"": ""Sanitary sewer"", ""water"": ""Municipal water"", ""exterior_finish"": ""Brick, Stone"", ""time_on_market"": ""45 days"", ""basement_features"": ""Separate entrance"", ""interior_features"": ""Hardwood, Ceramic, Laminate"", ""neighbourhood_amenities"": ""Schools, Transit""}"
99,"353 Queen Street W, Toronto, Ontario",998,412000,"images/house1/1.jpg, images/house1/2.jpg, images/house1/3.jpg, images/house1/4.jpg, images/house1/5.jpg, images/house1/6.jpg, images/house1/7.jpg, images/house1/8.jpg, images/house1/9.jpg, images/house1/10.jpg","{""bedrooms"": ""3 + 1"", ""bathrooms"": ""1"", ""property_type"": ""Townhouse"", ""building_type"": ""House"", ""storeys"": 3, ""title"": ""Condominium"", ""land_size"": ""25 x 115 FT"", ""annual_property_taxes"": ""$11929.00"", ""total_parking_spaces"": 3, ""cooling"": ""Central air conditioning"", ""heating_type"": ""Forced air (Natural gas)"", ""utility_sewer"": ""Sanitary sewer"", ""water"": ""Municipal water"", ""exterior_finish"": ""Brick, Stone"", ""time_on_market"": ""106 days"", ""basement_features"": ""Walk-out"", ""interior_features"": ""Vinyl, Concrete"", ""neighbourhood_amenities"": ""Shopping, Hospitals""}"
